game_id,player_name,player_game_number,variant_name,number_of_suits,number_of_players,score,max_score,player_rating,change_in_player_rating,avg_team_rating
994828,Cinnamoroll,1,Omni (6 Suits),6,3,30,1,1216.888642909961,16.888642909960936,1342.342278712011
993816,Draku,1,No Variant,5,4,25,1,1210.2179204754,10.217920475399978,1200.0
993826,Draku,2,6 Suits,6,4,30,1,1219.727063849018,9.509143373618144,1207.6634403565502
993835,Draku,3,Prism (5 Suits),5,4,25,1,1233.7575875091684,14.030523660150266,1217.172583730168
993849,Draku,4,Prism (6 Suits),6,4,30,1,1247.4428275362927,13.685240027124337,1217.5099239461088
993867,Draku,5,No Variant,5,3,25,1,1256.640518307145,9.197690770852205,1227.0668050151537
993897,Draku,6,Rainbow (6 Suits),6,3,30,1,1269.4173726965744,12.776854389429444,1236.264495786006
993911,Draku,7,Pink (5 Suits),5,4,0,0,1248.0583640713078,-21.3590086252666,1231.5272260646589
993935,Draku,8,Pink (5 Suits),5,4,25,1,1268.07611858552,20.01775451421236,1217.4900722318416
993941,Draku,9,Muddy Rainbow (5 Suits),5,3,25,1,1285.2807886648463,17.204670079326206,1257.46256912098
993949,Draku,10,White (5 Suits),5,4,25,1,1296.6213748761977,11.340586211351363,1274.4700453225746
993959,Draku,11,Brown (5 Suits),5,4,25,1,1311.7754181052203,15.15404322902259,1285.810631533926
993970,Draku,12,Omni (5 Suits),5,4,25,1,1332.1200986296535,20.344680524433443,1300.9646747629486
993986,Draku,13,No Variant,5,4,25,1,1339.0324600941894,6.9123614645357065,1291.1299118738352
994014,Draku,14,6 Suits,6,3,30,1,1346.1766452745296,7.144185180340173,1279.1781513722074
994037,Draku,15,Rainbow (5 Suits),5,3,0,0,1315.9956679123595,-30.18097736216987,1286.3223365525475
994044,Draku,16,Rainbow (5 Suits),5,3,25,1,1327.7101469832874,11.71447907092761,1256.1413591903777
994057,Draku,17,Prism (5 Suits),5,3,25,1,1338.875916831902,11.165769848614673,1267.8558382613053
994066,Draku,18,Light Pink (5 Suits),5,3,25,1,1360.4214620098055,21.545545177903705,1279.02160810992
994194,Draku,19,Brown (6 Suits),6,4,30,1,1374.117040049784,13.695578039978272,1308.1335199822183
994198,Draku,20,Rainbow (5 Suits),5,4,25,1,1384.0930078155784,9.975967765794394,1294.3003517893187
994208,Draku,21,Rainbow & Prism (5 Suits),5,4,22,0,1365.83803361051,-18.254974205068493,1253.2936763734783
994227,Draku,22,Rainbow (6 Suits),6,4,30,1,1376.081750434762,10.243716824252031,1287.5271767375807
994234,Draku,23,Omni (5 Suits),5,3,25,1,1397.0728766923594,20.991126257597443,1278.805439856161
994239,Draku,24,Pink (5 Suits),5,3,0,0,1371.3229591767447,-25.749917515614698,1299.796566113759
994246,Draku,25,Pink (5 Suits),5,3,25,1,1387.5042879665516,16.181328789806912,1274.0466485981435
994253,Draku,26,No Variant,5,5,25,1,1396.307802569312,8.803514602760515,1344.3788045457609
994277,Draku,27,6 Suits,6,5,30,1,1404.6429103596547,8.33510779034259,1353.1823191485214
994291,Draku,28,Pink (6 Suits),6,4,30,1,1415.468377335476,10.8254669758212,1374.0207701056718
994296,Draku,29,White (6 Suits),6,4,0,0,1385.1407407026463,-30.32763663282958,1327.6054789800924
994323,Draku,30,Omni (6 Suits),6,4,30,1,1404.5394188994128,19.39867819676647,1297.2778423472628
994345,Draku,31,White (6 Suits),6,4,30,1,1415.236604450158,10.69718555074519,1316.6765205440292
994355,Draku,32,Light Pink (5 Suits),5,4,24,0,1398.9815970081625,-16.25500744199553,1327.3737060947742
994358,Draku,33,Light Pink (5 Suits),5,4,0,0,1383.9700944023084,-15.011502605854048,1307.05494679228
994363,Draku,34,White (5 Suits),5,3,25,1,1393.3731422617825,9.4030478594741,1270.8279994943937
994372,Draku,35,Brown (6 Suits),6,3,30,1,1401.2665035508494,7.893361289066888,1366.2786042918233
994378,Draku,36,Light Pink (5 Suits),5,4,25,1,1414.2280102609536,12.961506710104231,1367.1141033146794
994392,Draku,37,Prism (5 Suits),5,5,24,0,1393.43942508449,-20.788585176463585,1352.3130620378784
994408,Draku,38,Clue Starved (5 Suits),5,3,25,1,1418.084528292467,24.645103207976945,1335.2969905615907
994437,Draku,39,Clue Starved (6 Suits),6,3,29,0,1411.484326480994,-6.600201811472971,1365.4187833713404
994446,Draku,40,Clue Starved (6 Suits),6,3,0,0,1405.237052448797,-6.247274032197083,1357.3518700462066
994449,Draku,41,Clue Starved (6 Suits),6,3,0,0,1399.3107040912118,-5.926348357585084,1349.7163128957434
994457,Draku,42,Clue Starved (6 Suits),6,3,29,0,1393.677040658812,-5.633663432399771,1342.472998236473
994471,Draku,43,Clue Starved (5 Suits),5,4,25,1,1419.0295181089907,25.35247745017864,1299.3861927030084
994490,Draku,44,Muddy Rainbow (5 Suits),5,4,25,1,1428.8968855552168,9.867367446226126,1331.0767895157314
994507,Draku,45,Rainbow (5 Suits),5,5,25,1,1438.5894851829305,9.692599627713662,1331.609615887209
994553,Draku,46,Null (5 Suits),5,4,25,1,1455.8702556304518,17.280770447521263,1358.979150474982
994563,Draku,47,Null (5 Suits),5,5,25,1,1477.9554104161175,22.085154785665964,1354.5532696756295
994575,Draku,48,Pink (6 Suits),6,3,30,1,1485.407030226033,7.451619809915201,1410.849269658552
994584,Draku,49,Light Pink (6 Suits),6,4,30,1,1496.3517759876363,10.944745761603372,1411.736714739456
994590,Draku,50,Muddy Rainbow (6 Suits),6,3,30,1,1502.0442143267187,5.6924383390824005,1460.0317704237848
994599,Draku,51,Light Pink (6 Suits),6,3,0,0,1480.6850071367771,-21.35920718994157,1466.3567019116542
994609,Draku,52,Light Pink (6 Suits),6,3,30,1,1490.6397479189136,9.954740782136469,1442.6242494783858
994623,Draku,53,Muddy Rainbow (6 Suits),6,4,30,1,1497.4199132947522,6.780165375838578,1418.915999672213
994642,Draku,54,Null (6 Suits),6,4,0,0,1481.4891221062076,-15.930791188544616,1410.6956257867555
994650,Draku,55,Null (6 Suits),6,4,30,1,1496.614524365727,15.125402259519433,1394.764834598211
994662,Draku,56,Rainbow (6 Suits),6,5,30,1,1503.9371687972202,7.322644431493245,1401.5124266422115
994679,Draku,57,Null (6 Suits),6,5,30,1,1523.5410354186288,19.603866621408542,1409.3232473691378
994697,Draku,58,Omni (5 Suits),5,5,25,1,1537.4644803972128,13.92344497858403,1430.2340384319737
994706,Draku,59,Rainbow & Pink (5 Suits),5,4,25,1,1557.119437007923,19.654956610710087,1401.5218928730235
994721,Draku,60,Omni (6 Suits),6,5,0,0,1542.773290097619,-14.346146910303789,1378.251810027701
994957,Draku,61,Pink & Muddy Rainbow (5 Suits),5,5,25,1,1566.6306818572846,23.85739175966546,1471.567823203001
994993,Draku,62,Null & Prism (6 Suits),6,4,0,0,1564.1664762440366,-2.464205613247941,1466.029423430968
994999,Draku,63,Null & Prism (6 Suits),6,4,0,0,1561.8018667640736,-2.3646094799630646,1463.154516882179
995006,Draku,64,Pink & Muddy Rainbow (5 Suits),5,3,0,0,1550.2562666876354,-11.545600076438175,1457.1460706095531
995011,Draku,65,Pink & Muddy Rainbow (5 Suits),5,3,0,0,1540.027617005338,-10.228649682297371,1444.3176260801774
995088,Draku,66,Brown & Prism (5 Suits),5,5,25,1,1561.181766696716,21.15414969137805,1434.9589923145827
995134,Draku,67,Clue Starved & Pink (5 Suits),5,4,0,0,1558.5323363856637,-2.649430311052356,1517.1646533846194
995227,Draku,68,Clue Starved & Pink (5 Suits),5,4,0,0,1555.9681543546008,-2.5641820310629555,1514.8464018624484
995312,Draku,69,Clue Starved & Pink (5 Suits),5,4,0,0,1553.4840785282015,-2.484075826399021,1512.6027425852683
995408,Draku,70,Clue Starved & Pink (5 Suits),5,3,25,1,1581.667184324681,28.183105796479595,1467.3522998217547
995466,Draku,71,Pink & Muddy Rainbow (5 Suits),5,4,23,0,1568.9785375750937,-12.68864674958786,1501.9997673658922
995484,Draku,72,Pink & Muddy Rainbow (5 Suits),5,4,25,1,1588.1938711082405,19.21533353314703,1487.1963461580397
995667,Draku,73,Brown & Null (6 Suits),6,5,0,0,1587.3381675898197,-0.8557035184210235,1478.1631653595546
995683,Draku,74,Brown & Null (5 Suits),5,3,25,1,1614.7515715074053,27.41340391758581,1550.4987257124958
995690,Draku,75,Rainbow & Omni (5 Suits),5,3,0,0,1609.7403162554358,-5.011255251969487,1532.5147597542175
995700,Draku,76,Rainbow & Omni (5 Suits),5,4,0,0,1605.319159841781,-4.421156413655126,1530.5384584563435
995707,Draku,77,Pink & Omni (5 Suits),5,4,0,0,1602.637177096292,-2.681982745488768,1523.1698644335854
995732,Draku,78,Pink & Light Pink (6 Suits),6,3,0,0,1597.9540966057505,-4.6830804905414425,1441.562796013768
995738,Draku,79,Pink & Brown (5 Suits),5,3,25,1,1615.7836823560845,17.82958575033399,1432.7169773094122
995739,Draku,80,Brown & Light Pink (5 Suits),5,3,23,0,1610.1884304240473,-5.595251932037172,1452.5276281431168
995749,Draku,81,Brown & Light Pink (5 Suits),5,3,25,1,1620.0956987728314,9.9072683487841,1441.9588189381575
995752,Draku,82,Rainbow & Muddy Rainbow (6 Suits),6,3,0,0,1608.6170622516934,-11.478636521138014,1460.6725480414163
995811,Draku,83,Clue Starved & Rainbow (5 Suits),5,4,25,1,1618.569136651828,9.952074400134508,1471.466536152149
995827,Draku,84,Clue Starved & Omni (5 Suits),5,4,25,1,1632.5463041712949,13.977167519466777,1599.1118597605252
995837,Draku,85,Null & Prism (5 Suits),5,3,25,1,1644.133831643686,11.587527472391455,1597.28590971051
995862,Draku,86,Rainbow & Brown (6 Suits),6,3,30,1,1646.8487140085772,2.714882364891082,1612.7359463403652
996817,Draku,87,Rainbow & Omni (6 Suits),6,4,29,0,1639.255889563642,-7.5928244449353315,1574.3300958476489
996829,Draku,88,Rainbow & Omni (6 Suits),6,4,0,0,1632.4451941919158,-6.810695371726069,1560.4099176986006
996842,Draku,89,Rainbow & Omni (6 Suits),6,4,30,1,1641.3376676854612,8.892473493545367,1547.9236428504364
996862,Draku,90,Null & Light Pink (5 Suits),5,4,25,1,1653.8286577087235,12.490990023262384,1541.0763348227256
995479,FlameWill,1,No Variant,5,3,25,1,1209.9998167714944,9.999816771494352,1184.0717428531273
995500,FlameWill,2,Rainbow (6 Suits),6,3,30,1,1221.4610884085196,11.46127163702522,1194.0715596246216
993950,Incogneato,1,Rainbow (6 Suits),6,5,30,1,1218.717738214179,18.717738214179008,1218.397109579762
994639,Incogneato,2,Light Pink (5 Suits),5,5,25,1,1246.429544417869,27.711806203690003,1280.6581896059545
995610,Incogneato,3,Clue Starved & Pink (5 Suits),5,3,24,0,1243.5647587993562,-2.8647856185127694,1390.2786291614193
995621,Incogneato,4,Clue Starved & Pink (5 Suits),5,3,0,0,1240.7697203125977,-2.7950384867585853,1388.0106738800966
995625,Incogneato,5,No Variant,5,3,25,1,1246.9498181820925,6.1800978694946025,1359.4356972521782
995628,Incogneato,6,Brown (5 Suits),5,3,0,0,1218.0481439751825,-28.90167420690977,1364.3282747321946
993986,KildaScoreHunt,1,No Variant,5,4,25,1,1206.9123614645357,6.9123614645357065,1291.1299118738352
994014,KildaScoreHunt,2,6 Suits,6,3,30,1,1214.056546644876,7.144185180340173,1279.1781513722074
994037,KildaScoreHunt,3,Rainbow (5 Suits),5,3,0,0,1183.875569282706,-30.18097736216987,1286.3223365525475
994044,KildaScoreHunt,4,Rainbow (5 Suits),5,3,25,1,1195.5900483536336,11.71447907092761,1256.1413591903777
994057,KildaScoreHunt,5,Prism (5 Suits),5,3,25,1,1206.7558182022483,11.165769848614673,1267.8558382613053
994066,KildaScoreHunt,6,Light Pink (5 Suits),5,3,25,1,1228.301363380152,21.545545177903705,1279.02160810992
994392,KildaScoreHunt,7,Prism (5 Suits),5,5,24,0,1200.583249811534,-27.71811356861804,1352.3130620378784
994522,KildaScoreHunt,8,Pink (6 Suits),6,3,0,0,1175.0230019411272,-25.560247870406783,1295.040728249115
994533,KildaScoreHunt,9,Prism (6 Suits),6,5,0,0,1150.509338291844,-24.513663649283217,1300.3369384987072
994541,KildaScoreHunt,10,Prism (6 Suits),6,5,30,1,1167.8060128499192,17.29667455807521,1277.048958031888
994546,KildaScoreHunt,11,Prism (6 Suits),6,3,30,1,1178.154626785324,10.348613935404728,1312.4533061886125
995479,KildaScoreHunt,12,No Variant,5,3,25,1,1188.1544435568185,9.999816771494352,1184.0717428531273
995500,KildaScoreHunt,13,Rainbow (6 Suits),6,3,30,1,1199.6157151938437,11.46127163702522,1194.0715596246216
995905,KildaScoreHunt,14,Pink & Prism (5 Suits),5,3,25,1,1217.9143124559816,18.298597262138173,1467.2781232219756
996452,KildaScoreHunt,15,Muddy Rainbow (6 Suits),6,3,30,1,1230.527868240275,12.61355578429334,1321.4620046037387
997446,KildaScoreHunt,16,Pink (5 Suits),5,3,22,0,1204.6794555398433,-25.84841270043171,1253.9795088091612
997544,KildaScoreHunt,17,Pink (5 Suits),5,3,24,0,1180.397191638122,-24.282263901721308,1230.2851305004322
997682,KildaScoreHunt,18,6 Suits,6,3,0,0,1150.5650389219456,-29.832152716176324,1184.0679240970364
997691,KildaScoreHunt,19,6 Suits,6,3,30,1,1162.575903961516,12.010865039570263,1156.721784107208
993939,LeCoco,1,Brown (5 Suits),5,4,25,1,1219.8016132048588,19.801613204858768,1210.6165766222937
993950,LeCoco,2,Rainbow (6 Suits),6,5,30,1,1238.5193514190378,18.717738214179008,1218.397109579762
993975,LeCoco,3,Pink (6 Suits),6,5,30,1,1263.4231401476602,24.90378872862243,1239.3087424330652
994533,LeCoco,4,Prism (6 Suits),6,5,0,0,1238.909476498377,-24.513663649283217,1300.3369384987072
994541,LeCoco,5,Prism (6 Suits),6,5,30,1,1256.2061510564522,17.29667455807521,1277.048958031888
994563,LeCoco,6,Null (5 Suits),5,5,25,1,1285.6530241040068,29.44687304755461,1354.5532696756295
994631,LeCoco,7,Null (6 Suits),6,3,30,1,1310.6421326795394,24.989108575532555,1308.6870618170433
994706,LeCoco,8,Rainbow & Pink (5 Suits),5,4,25,1,1336.8487414938195,26.20660881428012,1401.5218928730235
994721,LeCoco,9,Omni (6 Suits),6,5,0,0,1317.7205456134143,-19.1281958804052,1378.251810027701
995000,LeCoco,10,Brown & Prism (5 Suits),5,4,0,0,1302.0028089632942,-15.71773665012006,1397.038947859533
995014,LeCoco,11,Brown (5 Suits),5,3,25,1,1314.263191321351,12.260382358057086,1360.5082103923187
995032,LeCoco,12,Rainbow & Brown (5 Suits),5,4,25,1,1336.993025591542,22.729834270190626,1368.3971975321922
995466,LeCoco,13,Pink & Muddy Rainbow (5 Suits),5,4,23,0,1320.0748299254249,-16.91819566611707,1501.9997673658922
995484,LeCoco,14,Pink & Muddy Rainbow (5 Suits),5,4,25,1,1345.6952746362876,25.620444710862785,1487.1963461580397
995690,LeCoco,15,Rainbow & Omni (5 Suits),5,3,0,0,1332.3319272977024,-13.3633473385853,1532.5147597542175
995700,LeCoco,16,Rainbow & Omni (5 Suits),5,4,0,0,1320.5421768612885,-11.789750436413897,1530.5384584563435
995707,LeCoco,17,Pink & Omni (5 Suits),5,4,0,0,1313.3902228733182,-7.151953987970273,1523.1698644335854
994867,LeagueIndego,1,No Variant,5,3,25,1,1206.034525187801,6.034525187800682,1324.8325986322857
993930,LeagueLana,1,No Variant,5,3,25,1,1209.885598204942,9.88559820494197,1204.26983729145
993939,LeagueLana,2,Brown (5 Suits),5,4,25,1,1229.6872114098007,19.801613204858768,1210.6165766222937
993975,LeagueLana,3,Pink (6 Suits),6,5,30,1,1254.5910001384232,24.90378872862243,1239.3087424330652
994211,LeagueLana,4,Pink (5 Suits),5,3,25,1,1270.684327163315,16.093327024891778,1269.760492087655
994218,LeagueLana,5,Brown (5 Suits),5,3,25,1,1285.2579234818488,14.573596318533871,1285.853819112547
994227,LeagueLana,6,Rainbow (6 Suits),6,4,30,1,1295.5016403061009,10.243716824252031,1287.5271767375807
994630,LeagueLana,7,Light Pink (5 Suits),5,4,25,1,1317.404869899324,21.90322959322316,1274.2400728606754
994639,LeagueLana,8,Light Pink (5 Suits),5,5,25,1,1345.116676103014,27.711806203690003,1280.6581896059545
994855,LeagueLana,9,No Variant,5,4,25,1,1352.0300020747402,6.913325971726181,1291.3370731967748
994867,LeagueLana,10,No Variant,5,3,25,1,1358.0645272625409,6.034525187800682,1324.8325986322857
994874,LeagueLana,11,Brown (6 Suits),6,5,30,1,1372.2811803970212,14.21665313448034,1403.039434527343
994878,LeagueLana,12,Rainbow & Pink (5 Suits),5,3,0,0,1352.6921361489951,-19.589044248026084,1467.738429149413
994883,LeagueLana,13,Rainbow & Pink (5 Suits),5,3,25,1,1375.633756652264,22.94162050326895,1449.7818052553891
994890,LeagueLana,14,Clue Starved (5 Suits),5,4,25,1,1399.7844022183538,24.15064556608968,1463.794444265206
994911,LeagueLana,15,Null & Light Pink (5 Suits),5,4,25,1,1438.714860959297,38.93045874094332,1486.4356744834154
994920,LeagueLana,16,Brown & Null (5 Suits),5,5,23,0,1437.642053241468,-1.0728077178291642,1494.1238380275672
994930,LeagueLana,17,Brown & Null (5 Suits),5,5,25,1,1476.58343158451,38.94137834304206,1493.1851312744668
994993,LeagueLana,18,Null & Prism (6 Suits),6,4,0,0,1473.2978241001792,-3.28560748433074,1466.029423430968
994999,LeagueLana,19,Null & Prism (6 Suits),6,4,0,0,1470.1450114602285,-3.152812639950753,1463.154516882179
995181,LeagueLana,20,Omni (6 Suits),6,4,0,0,1444.4775772192418,-25.66743424098672,1392.1661757943232
995246,LeagueLana,21,Omni (6 Suits),6,3,0,0,1423.538033860612,-20.939543358629862,1301.2762148487282
995330,LeagueLana,22,Omni (6 Suits),6,3,30,1,1444.2056132342868,20.66757937367493,1280.3366714900983
995659,LeagueLana,23,Brown & Null (6 Suits),6,4,0,0,1441.9082164120623,-2.297396822224528,1452.5939174911346
995667,LeagueLana,24,Brown & Null (6 Suits),6,5,0,0,1440.767278387501,-1.1409380245613647,1478.1631653595546
995683,LeagueLana,25,Brown & Null (5 Suits),5,3,25,1,1477.3184836109488,36.55120522344782,1550.4987257124958
995699,LeagueLana,26,No Variant,5,3,25,1,1482.9159169012023,5.597433290253775,1339.8286957746425
995705,LeagueLana,27,Prism (5 Suits),5,3,25,1,1491.8755381363787,8.9596212351762,1345.426129064896
995709,LeagueLana,28,Pink (5 Suits),5,5,25,1,1507.460991188341,15.585453051962304,1381.6469742599725
995715,LeagueLana,29,Null (5 Suits),5,3,0,0,1479.0128486868837,-28.44814250145737,1486.6811241650305
994721,Ljoelw,1,Omni (6 Suits),6,5,0,0,1180.8718041195948,-19.1281958804052,1378.251810027701
996932,Ljoelw,2,Clue Starved (5 Suits),5,4,0,0,1164.2220270569906,-16.649777062604244,1414.6174061418988
996942,Ljoelw,3,Clue Starved (5 Suits),5,4,23,0,1148.528328501587,-15.693698555403216,1400.5691567453264
996997,Ljoelw,4,Clue Starved (5 Suits),5,4,25,1,1173.713143492978,25.184814991390795,1387.3275985892049
994211,MarkusKarlsen,1,Pink (5 Suits),5,3,25,1,1216.0933270248918,16.093327024891778,1269.760492087655
994218,MarkusKarlsen,2,Brown (5 Suits),5,3,25,1,1230.6669233434257,14.573596318533871,1285.853819112547
994227,MarkusKarlsen,3,Rainbow (6 Suits),6,4,30,1,1240.9106401676777,10.243716824252031,1287.5271767375807
994553,MarkusKarlsen,4,Null (5 Suits),5,4,25,1,1263.9516674310396,23.04102726336191,1358.979150474982
994563,MarkusKarlsen,5,Null (5 Suits),5,5,25,1,1293.3985404785942,29.44687304755461,1354.5532696756295
994575,MarkusKarlsen,6,Pink (6 Suits),6,3,30,1,1303.334033558481,9.935493079886784,1410.849269658552
994584,MarkusKarlsen,7,Light Pink (6 Suits),6,4,30,1,1317.9270279072855,14.592994348804496,1411.736714739456
994623,MarkusKarlsen,8,Muddy Rainbow (6 Suits),6,4,30,1,1326.9672484084035,9.040220501118029,1418.915999672213
994627,MarkusKarlsen,9,Null (6 Suits),6,4,0,0,1308.1706338866927,-18.796614521710808,1369.2846395178062
994630,MarkusKarlsen,10,Light Pink (5 Suits),5,4,25,1,1330.073863479916,21.90322959322316,1274.2400728606754
994639,MarkusKarlsen,11,Light Pink (5 Suits),5,5,25,1,1357.785669683606,27.711806203690003,1280.6581896059545
994648,MarkusKarlsen,12,Light Pink (5 Suits),5,3,25,1,1376.0513657436422,18.26569606003636,1316.7679195091132
994742,MarkusKarlsen,13,Clue Starved (6 Suits),6,5,30,1,1412.9111123689145,36.85974662527224,1290.469232964544
994771,MarkusKarlsen,14,Clue Starved (6 Suits),6,3,30,1,1442.742904910668,29.83179254175343,1364.113219932888
994890,MarkusKarlsen,15,Clue Starved (5 Suits),5,4,25,1,1466.8935504767576,24.15064556608968,1463.794444265206
994911,MarkusKarlsen,16,Null & Light Pink (5 Suits),5,4,25,1,1505.824009217701,38.93045874094332,1486.4356744834154
994920,MarkusKarlsen,17,Brown & Null (5 Suits),5,5,23,0,1504.7512014998715,-1.0728077178291642,1494.1238380275672
994930,MarkusKarlsen,18,Brown & Null (5 Suits),5,5,25,1,1543.6925798429138,38.94137834304206,1493.1851312744668
994957,MarkusKarlsen,19,Pink & Muddy Rainbow (5 Suits),5,5,25,1,1575.5024355224675,31.809855679553948,1471.567823203001
994972,MarkusKarlsen,20,White & Muddy Rainbow (5 Suits),5,4,25,1,1591.9150004515177,16.412564929049722,1481.6000801989555
995101,MarkusKarlsen,21,Brown (6 Suits),6,3,30,1,1598.1092899445946,6.194289493077122,1493.1982285185657
995466,MarkusKarlsen,22,Pink & Muddy Rainbow (5 Suits),5,4,23,0,1581.1910942784775,-16.91819566611707,1501.9997673658922
995484,MarkusKarlsen,23,Pink & Muddy Rainbow (5 Suits),5,4,25,1,1606.8115389893403,25.620444710862785,1487.1963461580397
995721,MarkusKarlsen,24,Pink & Omni (5 Suits),5,3,25,1,1638.243553606483,31.432014617142613,1588.5279039280483
995735,MarkusKarlsen,25,Omni & Null (5 Suits),5,5,24,0,1637.1407321706,-1.1028214358830155,1556.75171651637
995744,MarkusKarlsen,26,Omni & Null (5 Suits),5,4,25,1,1674.4755475079055,37.3348153373056,1555.7372801362249
995827,MarkusKarlsen,27,Clue Starved & Omni (5 Suits),5,4,25,1,1711.7479942264831,37.27244671857784,1599.1118597605252
996817,MarkusKarlsen,28,Rainbow & Omni (6 Suits),6,4,29,0,1691.5004623733223,-20.247531853160808,1574.3300958476489
996829,MarkusKarlsen,29,Rainbow & Omni (6 Suits),6,4,0,0,1673.3386080487198,-18.1618543246027,1560.4099176986006
996842,MarkusKarlsen,30,Rainbow & Omni (6 Suits),6,4,30,1,1697.0518706981743,23.713262649454464,1547.9236428504364
997217,MarkusKarlsen,31,Pink & White (6 Suits),6,4,28,0,1670.1331365674337,-26.91873413074063,1550.0290181345297
997265,MarkusKarlsen,32,Pink & White (6 Suits),6,4,30,1,1675.603310905237,5.470174337803655,1533.2048093028166
997332,MarkusKarlsen,33,Clue Starved & Light Pink (5 Suits),5,4,25,1,1688.9948494311127,13.391538525875603,1666.9106992378274
993930,Neempasta,1,No Variant,5,3,25,1,1209.885598204942,9.88559820494197,1204.26983729145
993939,Neempasta,2,Brown (5 Suits),5,4,25,1,1229.6872114098007,19.801613204858768,1210.6165766222937
993950,Neempasta,3,Rainbow (6 Suits),6,5,30,1,1248.4049496239795,18.717738214179008,1218.397109579762
993975,Neempasta,4,Pink (6 Suits),6,5,30,1,1273.3087383526022,24.90378872862243,1239.3087424330652
994471,Neempasta,5,Clue Starved (5 Suits),5,4,25,1,1307.112041619507,33.80330326690478,1299.3861927030084
994490,Neempasta,6,Muddy Rainbow (5 Suits),5,4,25,1,1320.2685315478086,13.156489928301651,1331.0767895157314
994507,Neempasta,7,Rainbow (5 Suits),5,5,25,1,1333.1919977180935,12.923466170284884,1331.609615887209
994833,Neempasta,8,Muddy Rainbow (5 Suits),5,4,25,1,1345.420999174278,12.229001456184506,1346.387949554767
994836,Neempasta,9,Rainbow & Muddy Rainbow (6 Suits),6,5,30,1,1371.340874417721,25.919875243442675,1337.6473125362409
994855,Neempasta,10,No Variant,5,4,25,1,1378.2542003894469,6.913325971726181,1291.3370731967748
994863,Neempasta,11,White (5 Suits),5,3,25,1,1390.0293861246262,11.77518573517932,1280.3238648664212
994874,Neempasta,12,Brown (6 Suits),6,5,30,1,1404.2460392591065,14.21665313448034,1403.039434527343
995584,Neempasta,13,Omni & Muddy Rainbow (5 Suits),5,4,25,1,1440.9804553666995,36.734416107593006,1390.2386589694938
995592,Neempasta,14,Pink & White (5 Suits),5,4,0,0,1424.793373795411,-16.187081571288445,1422.3812730636378
995596,Neempasta,15,Pink & White (5 Suits),5,4,0,0,1410.5170452607892,-14.276328534621824,1408.2175766887606
995603,Neempasta,16,Pink & White (5 Suits),5,4,25,1,1437.8425315762634,27.32548631547411,1395.7257892209664
995614,Neempasta,17,Light Pink & Prism (5 Suits),5,4,25,1,1463.5483504365482,25.705818860284808,1419.6355897470062
995624,Neempasta,18,Pink & Light Pink (5 Suits),5,4,25,1,1494.103817744193,30.555467307644903,1442.1281812497552
995626,Neempasta,19,Pink & Light Pink (6 Suits),6,4,0,0,1482.0739610320893,-12.029856712103763,1468.8642151439444
995631,Neempasta,20,Pink & Light Pink (6 Suits),6,4,0,0,1471.231580617689,-10.842380414400395,1458.3380905208537
996003,Neempasta,21,White (6 Suits),6,5,30,1,1482.0657836505525,10.83420303286357,1415.778791611383
996009,Neempasta,22,Brown (5 Suits),5,3,25,1,1488.7284546402443,6.66267098969206,1465.7827241741168
996017,Neempasta,23,Pink & Muddy Rainbow (5 Suits),5,3,25,1,1510.6103545517385,21.88189991149397,1471.0573387076229
996020,Neempasta,24,Rainbow & Pink (6 Suits),6,4,30,1,1523.1341750729496,12.523820521211064,1532.7799149359096
996027,Neempasta,25,Omni & Light Pink (5 Suits),5,3,25,1,1552.687672014465,29.553496941515505,1615.1350204256223
996932,Neempasta,26,Clue Starved (5 Suits),5,4,0,0,1536.0378949518608,-16.649777062604244,1414.6174061418988
996942,Neempasta,27,Clue Starved (5 Suits),5,4,23,0,1520.3441963964576,-15.693698555403216,1400.5691567453264
996997,Neempasta,28,Clue Starved (5 Suits),5,4,25,1,1545.5290113878484,25.184814991390795,1387.3275985892049
993826,PHLspring,1,6 Suits,6,4,30,1,1209.509143373618,9.509143373618144,1207.6634403565502
993835,PHLspring,2,Prism (5 Suits),5,4,25,1,1223.5396670337686,14.030523660150491,1217.172583730168
993849,PHLspring,3,Prism (6 Suits),6,4,30,1,1237.224907060893,13.685240027124337,1217.5099239461088
993874,PHLspring,4,Rainbow (5 Suits),5,3,25,1,1250.851031339631,13.626124278737962,1225.77927611888
993898,PHLspring,5,Rainbow (6 Suits),6,4,30,1,1263.6605432139804,12.809511874349482,1229.5540502982135
993935,PHLspring,6,Pink (5 Suits),5,4,25,1,1283.6782977281928,20.01775451421236,1217.4900722318416
993941,PHLspring,7,Muddy Rainbow (5 Suits),5,3,25,1,1300.882967807519,17.204670079326206,1257.46256912098
993949,PHLspring,8,White (5 Suits),5,4,25,1,1312.2235540188703,11.340586211351363,1274.4700453225746
993959,PHLspring,9,Brown (5 Suits),5,4,25,1,1327.377597247893,15.15404322902259,1285.810631533926
993970,PHLspring,10,Omni (5 Suits),5,4,25,1,1347.7222777723264,20.344680524433443,1300.9646747629486
993986,PHLspring,11,No Variant,5,4,25,1,1354.634639236862,6.9123614645357065,1291.1299118738352
994253,PHLspring,12,No Variant,5,5,25,1,1363.4381538396226,8.803514602760515,1344.3788045457609
994277,PHLspring,13,6 Suits,6,5,30,1,1371.7732616299652,8.33510779034259,1353.1823191485214
994291,PHLspring,14,Pink (6 Suits),6,4,30,1,1382.5987286057864,10.8254669758212,1374.0207701056718
994296,PHLspring,15,White (6 Suits),6,4,0,0,1352.2710919729568,-30.32763663282958,1327.6054789800924
994323,PHLspring,16,Omni (6 Suits),6,4,30,1,1371.6697701697233,19.39867819676647,1297.2778423472628
994345,PHLspring,17,White (6 Suits),6,4,30,1,1382.3669557204685,10.69718555074519,1316.6765205440292
994355,PHLspring,18,Light Pink (5 Suits),5,4,24,0,1360.6936124644744,-21.67334325599404,1327.3737060947742
994358,PHLspring,19,Light Pink (5 Suits),5,4,0,0,1340.678275656669,-20.0153368078054,1307.05494679228
994378,PHLspring,20,Light Pink (5 Suits),5,4,25,1,1357.9602846034747,17.282008946805718,1367.1141033146794
994392,PHLspring,21,Prism (5 Suits),5,5,24,0,1330.2421710348567,-27.71811356861804,1352.3130620378784
994408,PHLspring,22,Clue Starved (5 Suits),5,3,25,1,1363.1023086454925,32.860137610635775,1335.2969905615907
994437,PHLspring,23,Clue Starved (6 Suits),6,3,29,0,1354.3020395635283,-8.800269081963961,1365.4187833713404
994446,PHLspring,24,Clue Starved (6 Suits),6,3,0,0,1345.9723408539323,-8.329698709596187,1357.3518700462066
994449,PHLspring,25,Clue Starved (6 Suits),6,3,0,0,1338.0705430438188,-7.901797810113521,1349.7163128957434
994457,PHLspring,26,Clue Starved (6 Suits),6,3,29,0,1330.558991800619,-7.511551243199847,1342.472998236473
994471,PHLspring,27,Clue Starved (5 Suits),5,4,25,1,1364.3622950675235,33.80330326690478,1299.3861927030084
994490,PHLspring,28,Muddy Rainbow (5 Suits),5,4,25,1,1377.5187849958254,13.156489928301651,1331.0767895157314
994507,PHLspring,29,Rainbow (5 Suits),5,5,25,1,1390.4422511661105,12.923466170284884,1331.609615887209
994522,PHLspring,30,Pink (6 Suits),6,3,0,0,1364.8820032957035,-25.560247870406783,1295.040728249115
994533,PHLspring,31,Prism (6 Suits),6,5,0,0,1340.3683396464205,-24.513663649283217,1300.3369384987072
994541,PHLspring,32,Prism (6 Suits),6,5,30,1,1353.3408455649767,12.972505918556408,1277.048958031888
994546,PHLspring,33,Prism (6 Suits),6,3,30,1,1361.1023060165303,7.761460451553603,1312.4533061886125
994550,PHLspring,34,Null (5 Suits),5,3,23,0,1347.710518779292,-13.391787237238304,1368.546716780793
994553,PHLspring,35,Null (5 Suits),5,4,25,1,1364.9912892268133,17.280770447521263,1358.979150474982
994563,PHLspring,36,Null (5 Suits),5,5,25,1,1387.0764440124792,22.085154785665964,1354.5532696756295
994584,PHLspring,37,Light Pink (6 Suits),6,4,30,1,1398.0211897740826,10.944745761603372,1411.736714739456
994590,PHLspring,38,Muddy Rainbow (6 Suits),6,3,30,1,1403.713628113165,5.6924383390824005,1460.0317704237848
994599,PHLspring,39,Light Pink (6 Suits),6,3,0,0,1382.3544209232234,-21.35920718994157,1466.3567019116542
994609,PHLspring,40,Light Pink (6 Suits),6,3,30,1,1392.30916170536,9.954740782136469,1442.6242494783858
994623,PHLspring,41,Muddy Rainbow (6 Suits),6,4,30,1,1399.0893270811985,6.780165375838578,1418.915999672213
994627,PHLspring,42,Null (6 Suits),6,4,0,0,1384.9918661899153,-14.097460891283164,1369.2846395178062
994631,PHLspring,43,Null (6 Suits),6,3,30,1,1403.7336976215647,18.741831431649416,1308.6870618170433
994642,PHLspring,44,Null (6 Suits),6,4,0,0,1387.80290643302,-15.930791188544616,1410.6956257867555
994650,PHLspring,45,Null (6 Suits),6,4,30,1,1402.9283086925395,15.125402259519433,1394.764834598211
994662,PHLspring,46,Rainbow (6 Suits),6,5,30,1,1410.2509531240328,7.322644431493245,1401.5124266422115
994679,PHLspring,47,Null (6 Suits),6,5,30,1,1429.854819745441,19.603866621408542,1409.3232473691378
994697,PHLspring,48,Omni (5 Suits),5,5,25,1,1443.7782647240251,13.92344497858403,1430.2340384319737
994706,PHLspring,49,Rainbow & Pink (5 Suits),5,4,25,1,1463.4332213347354,19.654956610710087,1401.5218928730235
994721,PHLspring,50,Omni (6 Suits),6,5,0,0,1449.0870744244316,-14.346146910303789,1378.251810027701
994957,PHLspring,51,Pink & Muddy Rainbow (5 Suits),5,5,25,1,1472.944466184097,23.85739175966546,1471.567823203001
994972,PHLspring,52,White & Muddy Rainbow (5 Suits),5,4,25,1,1485.2538898808843,12.309423696787237,1481.6000801989555
994985,PHLspring,53,Brown & Prism (5 Suits),5,3,24,0,1469.3015357171412,-15.952354163743166,1482.1278153642554
995000,PHLspring,54,Brown & Prism (5 Suits),5,4,0,0,1457.5132332295511,-11.788302487590045,1397.038947859533
995049,PHLspring,55,Brown & Prism (5 Suits),5,5,0,0,1449.590002283408,-7.923230946143121,1393.4714586472442
995088,PHLspring,56,Brown & Prism (5 Suits),5,5,25,1,1470.744151974786,21.15414969137805,1434.9589923145827
995134,PHLspring,57,Clue Starved & Pink (5 Suits),5,4,0,0,1468.0947216637337,-2.649430311052356,1517.1646533846194
995227,PHLspring,58,Clue Starved & Pink (5 Suits),5,4,0,0,1465.5305396326708,-2.5641820310629555,1514.8464018624484
995312,PHLspring,59,Clue Starved & Pink (5 Suits),5,4,0,0,1463.0464638062715,-2.484075826399021,1512.6027425852683
995408,PHLspring,60,Clue Starved & Pink (5 Suits),5,3,25,1,1491.229569602751,28.183105796479595,1467.3522998217547
995466,PHLspring,61,Pink & Muddy Rainbow (5 Suits),5,4,23,0,1478.5409228531637,-12.68864674958786,1501.9997673658922
995484,PHLspring,62,Pink & Muddy Rainbow (5 Suits),5,4,25,1,1497.7562563863105,19.21533353314703,1487.1963461580397
995584,PHLspring,63,Omni & Muddy Rainbow (5 Suits),5,4,25,1,1525.3070684670051,27.55081208069464,1390.2386589694938
995592,PHLspring,64,Pink & White (5 Suits),5,4,0,0,1513.1667572885387,-12.14031117846639,1422.3812730636378
995596,PHLspring,65,Pink & White (5 Suits),5,4,0,0,1502.4595108875724,-10.707246400966367,1408.2175766887606
995603,PHLspring,66,Pink & White (5 Suits),5,4,25,1,1522.953625624178,20.494114736605525,1395.7257892209664
995614,PHLspring,67,Light Pink & Prism (5 Suits),5,4,25,1,1542.2329897693917,19.27936414521355,1419.6355897470062
995624,PHLspring,68,Pink & Light Pink (5 Suits),5,4,25,1,1565.1495902501251,22.91660048073368,1442.1281812497552
995626,PHLspring,69,Pink & Light Pink (6 Suits),6,4,0,0,1556.1271977160472,-9.02239253407788,1468.8642151439444
995631,PHLspring,70,Pink & Light Pink (6 Suits),6,4,0,0,1547.995412405247,-8.131785310800296,1458.3380905208537
995700,PHLspring,71,Rainbow & Omni (5 Suits),5,4,0,0,1539.1530995779367,-8.842312827310252,1530.5384584563435
995707,PHLspring,72,Pink & Omni (5 Suits),5,4,0,0,1533.789134086959,-5.363965490977762,1523.1698644335854
995721,PHLspring,73,Pink & Omni (5 Suits),5,3,25,1,1557.3631450498158,23.57401096285685,1588.5279039280483
995735,PHLspring,74,Omni & Null (5 Suits),5,5,24,0,1556.5360289729035,-0.8271160769122616,1556.75171651637
995770,PHLspring,75,Pink & Null (5 Suits),5,3,24,0,1552.592408679488,-3.943620293415506,1550.1876266055594
995791,PHLspring,76,Pink & Null (5 Suits),5,4,25,1,1579.6006777698358,27.008269090347767,1459.923878877052
995811,PHLspring,77,Clue Starved & Rainbow (5 Suits),5,4,25,1,1599.5048265701046,19.904148800268786,1471.466536152149
995827,PHLspring,78,Clue Starved & Omni (5 Suits),5,4,25,1,1627.459161609038,27.954335038933323,1599.1118597605252
995837,PHLspring,79,Null & Prism (5 Suits),5,3,25,1,1639.0466890814291,11.587527472391455,1597.28590971051
995862,PHLspring,80,Rainbow & Brown (6 Suits),6,3,30,1,1641.7615714463204,2.714882364891082,1612.7359463403652
995905,PHLspring,81,Pink & Prism (5 Suits),5,3,25,1,1648.623545419622,6.861973973301701,1467.2781232219756
995976,PHLspring,82,Pink & Light Pink (6 Suits),6,3,0,0,1642.3463715452044,-6.277173874417713,1504.574638286804
995990,PHLspring,83,Pink & Light Pink (6 Suits),6,3,0,0,1636.524669009911,-5.821702535293525,1492.7177543017926
995995,PHLspring,84,Pink & Light Pink (6 Suits),6,4,0,0,1632.1328492567702,-4.39181975314068,1411.065218845516
996003,PHLspring,85,White (6 Suits),6,5,30,1,1636.195675394094,4.062826137323782,1415.778791611383
996009,PHLspring,86,Brown (5 Suits),5,3,25,1,1638.6941770152284,2.4985016211344373,1465.7827241741168
996017,PHLspring,87,Pink & Muddy Rainbow (5 Suits),5,3,25,1,1646.8998894820386,8.205712466810155,1471.0573387076229
996020,PHLspring,88,Rainbow & Pink (6 Suits),6,4,30,1,1651.5963221774928,4.6964326954541775,1532.7799149359096
996027,PHLspring,89,Omni & Light Pink (5 Suits),5,3,25,1,1662.678883530561,11.082561353068286,1615.1350204256223
996645,PHLspring,90,Brown (5 Suits),5,4,25,1,1665.0730960947992,2.39421256423816,1531.765678782043
996673,PHLspring,91,Brown & Omni (5 Suits),5,3,0,0,1658.1878545233242,-6.885241571475035,1629.261312960656
996724,PHLspring,92,Brown & Omni (5 Suits),5,3,0,0,1652.0259735972666,-6.16188092605762,1622.3760713891809
996746,PHLspring,93,Brown & Omni (5 Suits),5,3,25,1,1661.4540517746589,9.428078177392308,1614.1602301544374
996817,PHLspring,94,Rainbow & Omni (6 Suits),6,4,29,0,1653.8612273297235,-7.5928244449353315,1574.3300958476489
996829,PHLspring,95,Rainbow & Omni (6 Suits),6,4,0,0,1647.0505319579977,-6.810695371726069,1560.4099176986006
996842,PHLspring,96,Rainbow & Omni (6 Suits),6,4,30,1,1655.9430054515428,8.892473493545367,1547.9236428504364
996862,PHLspring,97,Null & Light Pink (5 Suits),5,4,25,1,1668.4339954748052,12.490990023262384,1541.0763348227256
996875,PHLspring,98,Null (5 Suits),5,3,25,1,1671.729955164171,3.2959596893658727,1527.0863194602218
997129,PHLspring,99,Pink & Brown (6 Suits),6,5,30,1,1679.5693175879844,7.839362423813327,1563.4096653131649
997152,PHLspring,100,Omni & Light Pink (6 Suits),6,5,0,0,1677.3952305515152,-2.174087036469245,1573.8621485449155
997180,PHLspring,101,Omni & Light Pink (6 Suits),6,4,0,0,1673.519457660169,-3.875772891345832,1555.9397305949165
997217,PHLspring,102,Pink & White (6 Suits),6,4,28,0,1663.4249323611414,-10.094525299027737,1550.0290181345297
997265,PHLspring,103,Pink & White (6 Suits),6,4,30,1,1668.895106698945,5.470174337803655,1533.2048093028166
997332,PHLspring,104,Clue Starved & Light Pink (5 Suits),5,4,25,1,1682.2866452248206,13.391538525875603,1666.9106992378274
993816,Ramanujan,1,No Variant,5,4,25,1,1210.2179204754,10.217920475399978,1200.0
993826,Ramanujan,2,6 Suits,6,4,30,1,1219.727063849018,9.509143373618144,1207.6634403565502
993835,Ramanujan,3,Prism (5 Suits),5,4,25,1,1233.7575875091684,14.030523660150266,1217.172583730168
993849,Ramanujan,4,Prism (6 Suits),6,4,30,1,1247.4428275362927,13.685240027124337,1217.5099239461088
993874,Ramanujan,5,Rainbow (5 Suits),5,3,25,1,1261.0689518150307,13.626124278737962,1225.77927611888
993898,Ramanujan,6,Rainbow (6 Suits),6,4,30,1,1273.8784636893802,12.809511874349482,1229.5540502982135
993949,Ramanujan,7,White (5 Suits),5,4,25,1,1285.2190499007315,11.340586211351363,1274.4700453225746
993959,Ramanujan,8,Brown (5 Suits),5,4,25,1,1300.373093129754,15.15404322902259,1285.810631533926
993970,Ramanujan,9,Omni (5 Suits),5,4,25,1,1320.7177736541876,20.344680524433443,1300.9646747629486
994191,Ramanujan,10,Prism (5 Suits),5,3,25,1,1331.0189303187692,10.30115666458164,1280.4030493084408
994194,Ramanujan,11,Brown (6 Suits),6,4,30,1,1344.7145083587477,13.695578039978272,1308.1335199822183
994198,Ramanujan,12,Rainbow (5 Suits),5,4,25,1,1354.690476124542,9.975967765794394,1294.3003517893187
994211,Ramanujan,13,Pink (5 Suits),5,3,25,1,1370.7838031494337,16.093327024891778,1269.760492087655
994218,Ramanujan,14,Brown (5 Suits),5,3,25,1,1385.3573994679675,14.573596318533871,1285.853819112547
994241,Ramanujan,15,White (6 Suits),6,3,30,1,1395.3775827762809,10.020183308313335,1317.0614156888005
994253,Ramanujan,16,No Variant,5,5,25,1,1404.1810973790414,8.803514602760515,1344.3788045457609
994277,Ramanujan,17,6 Suits,6,5,30,1,1412.516205169384,8.33510779034259,1353.1823191485214
994291,Ramanujan,18,Pink (6 Suits),6,4,30,1,1423.3416721452052,10.8254669758212,1374.0207701056718
994372,Ramanujan,19,Brown (6 Suits),6,3,30,1,1433.866153863961,10.524481718755853,1366.2786042918233
994378,Ramanujan,20,Light Pink (5 Suits),5,4,25,1,1451.1481628107667,17.282008946805718,1367.1141033146794
994392,Ramanujan,21,Prism (5 Suits),5,5,24,0,1423.4300492421487,-27.71811356861804,1352.3130620378784
994533,Ramanujan,22,Prism (6 Suits),6,5,0,0,1398.9163855928657,-24.513663649283217,1300.3369384987072
994541,Ramanujan,23,Prism (6 Suits),6,5,30,1,1416.2130601509407,17.29667455807521,1277.048958031888
994546,Ramanujan,24,Prism (6 Suits),6,3,30,1,1426.5616740863454,10.348613935404728,1312.4533061886125
994550,Ramanujan,25,Null (5 Suits),5,3,23,0,1408.705957770028,-17.855716316317512,1368.546716780793
994553,Ramanujan,26,Null (5 Suits),5,4,25,1,1431.7469850333898,23.04102726336191,1358.979150474982
994563,Ramanujan,27,Null (5 Suits),5,5,25,1,1461.1938580809444,29.44687304755461,1354.5532696756295
994575,Ramanujan,28,Pink (6 Suits),6,3,30,1,1471.1293511608312,9.935493079886784,1410.849269658552
994584,Ramanujan,29,Light Pink (6 Suits),6,4,30,1,1485.7223455096355,14.592994348804496,1411.736714739456
994590,Ramanujan,30,Muddy Rainbow (6 Suits),6,3,30,1,1493.312263295079,7.589917785443276,1460.0317704237848
994599,Ramanujan,31,Light Pink (6 Suits),6,3,0,0,1464.833320375157,-28.47894291992202,1466.3567019116542
994609,Ramanujan,32,Light Pink (6 Suits),6,3,30,1,1474.7880611572934,9.954740782136469,1442.6242494783858
994623,Ramanujan,33,Muddy Rainbow (6 Suits),6,4,30,1,1481.568226533132,6.780165375838578,1418.915999672213
994627,Ramanujan,34,Null (6 Suits),6,4,0,0,1467.4707656418489,-14.097460891283164,1369.2846395178062
994642,Ramanujan,35,Null (6 Suits),6,4,0,0,1451.5399744533042,-15.930791188544616,1410.6956257867555
994650,Ramanujan,36,Null (6 Suits),6,4,30,1,1466.6653767128237,15.125402259519433,1394.764834598211
994662,Ramanujan,37,Rainbow (6 Suits),6,5,30,1,1473.988021144317,7.322644431493245,1401.5124266422115
994679,Ramanujan,38,Null (6 Suits),6,5,30,1,1493.5918877657257,19.603866621408542,1409.3232473691378
994697,Ramanujan,39,Omni (5 Suits),5,5,25,1,1507.5153327443095,13.92344497858403,1430.2340384319737
994828,Ramanujan,40,Omni (6 Suits),6,3,30,1,1520.18181492678,12.666482182470643,1342.342278712011
994833,Ramanujan,41,Muddy Rainbow (5 Suits),5,4,25,1,1529.3535660189184,9.171751092138264,1346.387949554767
994836,Ramanujan,42,Rainbow & Muddy Rainbow (6 Suits),6,5,30,1,1548.7934724515003,19.439906432581893,1337.6473125362409
994856,Ramanujan,43,Rainbow & Null (5 Suits),5,3,25,1,1577.5526450559591,28.75917260445885,1382.577330750014
994874,Ramanujan,44,Brown (6 Suits),6,5,30,1,1588.2151349068197,10.662489850860313,1403.039434527343
994878,Ramanujan,45,Rainbow & Pink (5 Suits),5,3,0,0,1573.5233517207998,-14.69178318601962,1467.738429149413
994883,Ramanujan,46,Rainbow & Pink (5 Suits),5,3,25,1,1590.7295670982514,17.2062153774516,1449.7818052553891
994890,Ramanujan,47,Clue Starved (5 Suits),5,4,25,1,1608.8425512728188,18.112984174567373,1463.794444265206
994911,Ramanujan,48,Null & Light Pink (5 Suits),5,4,25,1,1623.4414733006724,14.598922027853632,1486.4356744834154
994920,Ramanujan,49,Brown & Null (5 Suits),5,5,23,0,1623.0391704064864,-0.4023028941860502,1494.1238380275672
994930,Ramanujan,50,Brown & Null (5 Suits),5,5,25,1,1637.6421872851272,14.6030168786408,1493.1851312744668
994985,Ramanujan,51,Brown & Prism (5 Suits),5,3,24,0,1629.6660102032556,-7.976177081871583,1482.1278153642554
995000,Ramanujan,52,Brown & Prism (5 Suits),5,4,0,0,1623.7718589594606,-5.894151243795022,1397.038947859533
995014,Ramanujan,53,Brown (5 Suits),5,3,25,1,1628.369502343732,4.59764338427135,1360.5082103923187
995032,Ramanujan,54,Rainbow & Brown (5 Suits),5,4,25,1,1636.8931901950534,8.523687851321483,1368.3971975321922
995049,Ramanujan,55,Brown & Prism (5 Suits),5,5,0,0,1632.931574721982,-3.9616154730715607,1393.4714586472442
995088,Ramanujan,56,Brown & Prism (5 Suits),5,5,25,1,1643.5086495676708,10.577074845688912,1434.9589923145827
995134,Ramanujan,57,Clue Starved & Pink (5 Suits),5,4,0,0,1642.1839344121445,-1.3247151555262917,1517.1646533846194
995227,Ramanujan,58,Clue Starved & Pink (5 Suits),5,4,0,0,1640.901843396613,-1.2820910155314778,1514.8464018624484
995312,Ramanujan,59,Clue Starved & Pink (5 Suits),5,4,0,0,1639.6598054834135,-1.2420379131995103,1512.6027425852683
995610,Ramanujan,60,Clue Starved & Pink (5 Suits),5,3,24,0,1638.5855108764713,-1.0742946069422032,1390.2786291614193
995621,Ramanujan,61,Clue Starved & Pink (5 Suits),5,3,0,0,1637.5373714439368,-1.0481394325345263,1388.0106738800966
995625,Ramanujan,62,No Variant,5,3,25,1,1639.8549081449971,2.3175367010603622,1359.4356972521782
995628,Ramanujan,63,Brown (5 Suits),5,3,0,0,1629.016780317406,-10.838127827591052,1364.3282747321946
995635,Ramanujan,64,Brown (5 Suits),5,3,0,0,1619.048713802887,-9.968066514519023,1329.3571077814422
995645,Ramanujan,65,Brown (5 Suits),5,3,25,1,1624.6801067277115,5.631392924824695,1308.3134118063465
995659,Ramanujan,66,Brown & Null (6 Suits),6,4,0,0,1623.8185829193776,-0.861523808334141,1452.5939174911346
995667,Ramanujan,67,Brown & Null (6 Suits),6,5,0,0,1623.3907311601672,-0.4278517592103981,1478.1631653595546
995683,Ramanujan,68,Brown & Null (5 Suits),5,3,25,1,1637.0974331189602,13.70670195879302,1550.4987257124958
995690,Ramanujan,69,Rainbow & Omni (5 Suits),5,3,0,0,1632.0861778669907,-5.011255251969487,1532.5147597542175
995700,Ramanujan,70,Rainbow & Omni (5 Suits),5,4,0,0,1627.6650214533356,-4.421156413655126,1530.5384584563435
995707,Ramanujan,71,Pink & Omni (5 Suits),5,4,0,0,1624.9830387078468,-2.681982745488768,1523.1698644335854
995721,Ramanujan,72,Pink & Omni (5 Suits),5,3,25,1,1636.7700441892753,11.787005481428425,1588.5279039280483
995735,Ramanujan,73,Omni & Null (5 Suits),5,5,24,0,1636.3564861508191,-0.4135580384561308,1556.75171651637
995744,Ramanujan,74,Omni & Null (5 Suits),5,4,25,1,1650.3570419023088,14.000555751489628,1555.7372801362249
995753,Ramanujan,75,Omni & Prism (5 Suits),5,3,25,1,1660.3126461300171,9.955604227708363,1555.0482903220247
995761,Ramanujan,76,Omni & Prism (5 Suits),5,3,0,0,1654.445806932505,-5.866839197512036,1573.8533205299184
995770,Ramanujan,77,Pink & Null (5 Suits),5,3,24,0,1652.4739967857977,-1.97181014670764,1550.1876266055594
995791,Ramanujan,78,Pink & Null (5 Suits),5,4,25,1,1665.978131330971,13.504134545173883,1459.923878877052
996020,Ramanujan,79,Rainbow & Pink (6 Suits),6,4,30,1,1670.6745640264255,4.6964326954541775,1532.7799149359096
996027,Ramanujan,80,Omni & Light Pink (5 Suits),5,3,25,1,1681.7571253794938,11.082561353068286,1615.1350204256223
996151,Ramanujan,81,Brown & Light Pink (6 Suits),6,3,0,0,1674.9788508239508,-6.778274555543021,1479.960275318949
996156,Ramanujan,82,Brown & Light Pink (6 Suits),6,3,30,1,1683.7752681700365,8.79641734608549,1467.1568678251454
996163,Ramanujan,83,Brown & Omni (5 Suits),5,3,0,0,1678.5077684422067,-5.267499727829545,1483.772322812196
996609,Ramanujan,84,Null & Muddy Rainbow (5 Suits),5,3,25,1,1689.7760573681414,11.268288925934712,1615.189164628939
996621,Ramanujan,85,Null & Prism (6 Suits),6,4,0,0,1685.3285237219047,-4.447533646236707,1515.2130765122597
996631,Ramanujan,86,Null & Prism (6 Suits),6,4,30,1,1696.2600700349806,10.931546313075842,1507.8005204351985
996645,Ramanujan,87,Brown (5 Suits),5,4,25,1,1698.6542825992187,2.39421256423816,1531.765678782043
996665,Ramanujan,88,Rainbow & Brown (5 Suits),5,3,23,0,1690.889789743687,-7.764492855531671,1356.9176033979734
996695,Ramanujan,89,Rainbow & Brown (5 Suits),5,3,0,0,1683.8164747596863,-7.073314984000717,1340.5258962585178
997114,Ramanujan,90,White & Null (5 Suits),5,3,25,1,1691.60497197763,7.788497217943586,1638.5526260451852
997122,Ramanujan,91,Light Pink (6 Suits),6,4,30,1,1694.9213210439025,3.3163490662725508,1531.6314316731937
997129,Ramanujan,92,Pink & Brown (6 Suits),6,5,30,1,1702.7606834677158,7.839362423813327,1563.4096653131649
997152,Ramanujan,93,Omni & Light Pink (6 Suits),6,5,0,0,1700.5865964312466,-2.174087036469245,1573.8621485449155
997180,Ramanujan,94,Omni & Light Pink (6 Suits),6,4,0,0,1696.7108235399007,-3.875772891345832,1555.9397305949165
997332,Ramanujan,95,Clue Starved & Light Pink (5 Suits),5,4,25,1,1710.1023620657763,13.391538525875603,1666.9106992378274
994198,Roeleague,1,Rainbow (5 Suits),5,4,25,1,1209.9759677657944,9.975967765794394,1294.3003517893187
994208,Roeleague,2,Rainbow & Prism (5 Suits),5,4,22,0,1191.720993560726,-18.254974205068493,1253.2936763734783
994237,Roeleague,3,White (6 Suits),6,3,0,0,1163.0876076574302,-28.633385903295675,1271.6048709885836
994855,Roeleague,4,No Variant,5,4,25,1,1170.0009336291564,6.913325971726181,1291.3370731967748
994863,Roeleague,5,White (5 Suits),5,3,25,1,1181.7761193643355,11.77518573517932,1280.3238648664212
995635,Roeleague,6,Brown (5 Suits),5,3,0,0,1155.1946086589514,-26.58151070538429,1329.3571077814422
995645,Roeleague,7,Brown (5 Suits),5,3,25,1,1170.2116564584835,15.017047799532293,1308.3134118063465
996621,Roeleague,8,Null & Prism (6 Suits),6,4,0,0,1158.3515667351858,-11.86008972329796,1515.2130765122597
996631,Roeleague,9,Null & Prism (6 Suits),6,4,30,1,1187.502356903388,29.150790168202093,1507.8005204351985
997122,Roeleague,10,Light Pink (6 Suits),6,4,30,1,1196.3459544134482,8.843597510060135,1531.6314316731937
997129,Roeleague,11,Pink & Brown (6 Suits),6,5,30,1,1217.2509208769502,20.90496646350197,1563.4096653131649
997152,Roeleague,12,Omni & Light Pink (6 Suits),6,5,0,0,1211.4533554463655,-5.797565430584655,1573.8621485449155
997180,Roeleague,13,Omni & Light Pink (6 Suits),6,4,0,0,1201.1179610694437,-10.33539437692184,1555.9397305949165
995760,TugaGirl,1,Prism (5 Suits),5,3,0,0,1170.1301689593652,-29.86983104063484,1302.7849916398136
996018,TugaGirl,2,White & Prism (5 Suits),5,3,25,1,1188.6025740046443,18.47240504527917,1323.3879442355917
996019,TugaGirl,3,Brown & Prism (6 Suits),6,3,0,0,1170.1189874370057,-18.483586567638667,1340.3209821937642
996025,TugaGirl,4,Brown & Prism (6 Suits),6,3,30,1,1193.661428553749,23.542441116743248,1323.377694506762
997590,TugaGirl,5,Rainbow & White (6 Suits),6,3,0,0,1169.285969422829,-24.37545913091958,1337.782510367272
997670,TugaGirl,6,Rainbow & White (6 Suits),6,3,30,1,1187.3225809025284,18.036611479699104,1320.516560149537
997682,TugaGirl,7,6 Suits,6,3,0,0,1157.490428186352,-29.832152716176324,1184.0679240970364
997691,TugaGirl,8,6 Suits,6,3,30,1,1169.5012932259222,12.010865039570263,1156.721784107208
993898,TwinHoodie,1,Rainbow (6 Suits),6,4,30,1,1212.8095118743497,12.809511874349482,1229.5540502982135
993930,TwinHoodie,2,No Variant,5,3,25,1,1222.6951100792917,9.88559820494197,1204.26983729145
993939,TwinHoodie,3,Brown (5 Suits),5,4,25,1,1242.4967232841502,19.801613204858768,1210.6165766222937
993950,TwinHoodie,4,Rainbow (6 Suits),6,5,30,1,1261.2144614983292,18.717738214179008,1218.397109579762
993975,TwinHoodie,5,Pink (6 Suits),6,5,30,1,1286.1182502269517,24.90378872862243,1239.3087424330652
994191,TwinHoodie,6,Prism (5 Suits),5,3,25,1,1296.4194068915333,10.30115666458164,1280.4030493084408
994194,TwinHoodie,7,Brown (6 Suits),6,4,30,1,1310.1149849315116,13.695578039978272,1308.1335199822183
994237,TwinHoodie,8,White (6 Suits),6,3,0,0,1281.481599028216,-28.633385903295675,1271.6048709885836
994241,TwinHoodie,9,White (6 Suits),6,3,30,1,1291.5017823365292,10.020183308313335,1317.0614156888005
994720,TwinHoodie,10,Clue Starved (6 Suits),6,4,30,1,1326.7946547864665,35.29287244993702,1233.7808273198325
994742,TwinHoodie,11,Clue Starved (6 Suits),6,5,30,1,1363.6544014117385,36.85974662527224,1290.469232964544
994771,TwinHoodie,12,Clue Starved (6 Suits),6,3,30,1,1393.486193953492,29.83179254175343,1364.113219932888
994920,TwinHoodie,13,Brown & Null (5 Suits),5,5,23,0,1392.4133862356628,-1.0728077178291642,1494.1238380275672
994930,TwinHoodie,14,Brown & Null (5 Suits),5,5,25,1,1431.3547645787048,38.94137834304206,1493.1851312744668
994993,TwinHoodie,15,Null & Prism (6 Suits),6,4,0,0,1428.069157094374,-3.28560748433074,1466.029423430968
994999,TwinHoodie,16,Null & Prism (6 Suits),6,4,0,0,1424.916344454423,-3.152812639950753,1463.154516882179
995006,TwinHoodie,17,Pink & Muddy Rainbow (5 Suits),5,3,0,0,1409.5222110191723,-15.394133435250978,1457.1460706095531
995011,TwinHoodie,18,Pink & Muddy Rainbow (5 Suits),5,3,0,0,1395.8840114427758,-13.638199576396572,1444.3176260801774
995659,TwinHoodie,19,Brown & Null (6 Suits),6,4,0,0,1393.5866146205512,-2.297396822224528,1452.5939174911346
995667,TwinHoodie,20,Brown & Null (6 Suits),6,5,0,0,1392.44567659599,-1.1409380245613647,1478.1631653595546
995735,TwinHoodie,21,Omni & Null (5 Suits),5,5,24,0,1391.3428551601069,-1.1028214358830155,1556.75171651637
995744,TwinHoodie,22,Omni & Null (5 Suits),5,4,25,1,1428.6776704974125,37.3348153373056,1555.7372801362249
995753,TwinHoodie,23,Omni & Prism (5 Suits),5,3,25,1,1455.2259484379683,26.548277940555863,1555.0482903220247
995761,TwinHoodie,24,Omni & Prism (5 Suits),5,3,0,0,1439.5810439112695,-15.644904526698838,1573.8533205299184
995770,TwinHoodie,25,Pink & Null (5 Suits),5,3,24,0,1434.322883520049,-5.258160391220599,1550.1876266055594
994720,avan,1,Clue Starved (6 Suits),6,4,30,1,1235.292872449937,35.29287244993702,1233.7808273198325
994742,avan,2,Clue Starved (6 Suits),6,5,30,1,1272.1526190752093,36.85974662527224,1290.469232964544
993816,dapperblook,1,No Variant,5,4,25,1,1210.2179204754,10.217920475399978,1200.0
993820,dapperblook,2,No Variant,5,3,25,1,1220.0910389355276,9.873118460127673,1203.4059734918
993830,dapperblook,3,No Variant,5,3,23,0,1189.2027742077296,-30.88826472779806,1213.2790919519275
993820,eliclax_PHL,1,No Variant,5,3,25,1,1209.8731184601277,9.873118460127673,1203.4059734918
993830,eliclax_PHL,2,No Variant,5,3,23,0,1178.9848537323296,-30.88826472779806,1213.2790919519275
993911,eliclax_PHL,3,Pink (5 Suits),5,4,0,0,1157.625845107063,-21.3590086252666,1231.5272260646589
993935,eliclax_PHL,4,Pink (5 Suits),5,4,25,1,1177.6435996212754,20.01775451421236,1217.4900722318416
995791,eliclax_PHL,5,Pink & Null (5 Suits),5,4,25,1,1213.6546250750723,36.01102545379695,1459.923878877052
995811,eliclax_PHL,6,Clue Starved & Rainbow (5 Suits),5,4,25,1,1240.1934901420975,26.5388650670252,1471.466536152149
997446,eliclax_PHL,7,Pink (5 Suits),5,3,22,0,1214.3450774416658,-25.84841270043171,1253.9795088091612
997544,eliclax_PHL,8,Pink (5 Suits),5,3,24,0,1190.0628135399445,-24.282263901721308,1230.2851305004322
996665,h2-league,1,Rainbow & Brown (5 Suits),5,3,23,0,1179.2946857185823,-20.70531428141749,1356.9176033979734
996695,h2-league,2,Rainbow & Brown (5 Suits),5,3,0,0,1160.432512427914,-18.86217329066858,1340.5258962585178
994069,hinomizu,1,6 Suits,6,3,30,1,1209.5776469751258,9.577646975125845,1200.0
994217,hinomizu,2,6 Suits,6,3,28,0,1178.6048102372104,-30.97283673791549,1209.5776469751258
994225,hinomizu,3,6 Suits,6,3,30,1,1189.5046183532834,10.899808116073018,1178.6048102372104
994229,hinomizu,4,6 Suits,6,3,0,0,1159.7150113949162,-29.78960695836713,1189.5046183532834
994587,hinomizu,5,6 Suits,6,3,30,1,1171.526580526899,11.811569131982424,1159.7150113949162
994601,hinomizu,6,6 Suits,6,3,30,1,1182.548884248695,11.022303721796334,1171.526580526899
995704,hinomizu,7,6 Suits,6,3,25,0,1152.1667434264448,-30.38214082225022,1182.548884248695
993820,leftvoid,1,No Variant,5,3,25,1,1209.8731184601277,9.873118460127673,1203.4059734918
993830,leftvoid,2,No Variant,5,3,23,0,1178.9848537323296,-30.88826472779806,1213.2790919519275
993849,leftvoid,3,Prism (6 Suits),6,4,30,1,1192.670093759454,13.685240027124337,1217.5099239461088
993874,leftvoid,4,Rainbow (5 Suits),5,3,25,1,1206.296218038192,13.626124278737962,1225.77927611888
993898,leftvoid,5,Rainbow (6 Suits),6,4,30,1,1219.1057299125414,12.809511874349482,1229.5540502982135
994208,leftvoid,6,Rainbow & Prism (5 Suits),5,4,22,0,1200.850755707473,-18.254974205068493,1253.2936763734783
994296,leftvoid,7,White (6 Suits),6,4,0,0,1170.523119074643,-30.32763663282958,1327.6054789800924
994323,leftvoid,8,Omni (6 Suits),6,4,30,1,1189.9217972714098,19.39867819676647,1297.2778423472628
994345,leftvoid,9,White (6 Suits),6,4,30,1,1200.618982822155,10.69718555074519,1316.6765205440292
994355,leftvoid,10,Light Pink (5 Suits),5,4,24,0,1178.945639566161,-21.67334325599404,1327.3737060947742
994358,leftvoid,11,Light Pink (5 Suits),5,4,0,0,1158.9303027583555,-20.0153368078054,1307.05494679228
994363,leftvoid,12,White (5 Suits),5,3,25,1,1171.467699904321,12.537397145965542,1270.8279994943937
995000,leftvoid,13,Brown & Prism (5 Suits),5,4,0,0,1155.749963254201,-15.71773665012006,1397.038947859533
995014,leftvoid,14,Brown (5 Suits),5,3,25,1,1168.010345612258,12.260382358057086,1360.5082103923187
995032,leftvoid,15,Rainbow & Brown (5 Suits),5,4,25,1,1190.7401798824487,22.729834270190626,1368.3971975321922
995049,leftvoid,16,Brown & Prism (5 Suits),5,5,0,0,1180.175871954258,-10.564307928190829,1393.4714586472442
995088,leftvoid,17,Brown & Prism (5 Suits),5,5,25,1,1208.3814048760953,28.205532921837403,1434.9589923145827
995519,leftvoid,18,Rainbow & White (5 Suits),5,3,25,1,1228.8906390306652,20.509234154569867,1272.5375193286477
995536,leftvoid,19,White & Prism (6 Suits),6,3,0,0,1211.8369251873685,-17.05371384329669,1291.3376506370034
995553,leftvoid,20,White & Prism (6 Suits),6,3,30,1,1236.7935118033588,24.95658661599032,1275.7050796139813
995732,leftvoid,21,Pink & Light Pink (6 Suits),6,3,0,0,1224.3052971619152,-12.48821464144362,1441.562796013768
995738,leftvoid,22,Pink & Brown (5 Suits),5,3,25,1,1248.0780781623605,23.77278100044532,1432.7169773094122
995739,leftvoid,23,Brown & Light Pink (5 Suits),5,3,23,0,1233.1574063435949,-14.92067181876564,1452.5276281431168
995749,leftvoid,24,Brown & Light Pink (5 Suits),5,3,25,1,1259.576788607019,26.41938226342404,1441.9588189381575
995752,leftvoid,25,Rainbow & Muddy Rainbow (6 Suits),6,3,0,0,1228.9670912173176,-30.609697389701296,1460.6725480414163
995760,leftvoid,26,Prism (5 Suits),5,3,0,0,1199.0972601766828,-29.86983104063484,1302.7849916398136
995995,leftvoid,27,Pink & Light Pink (6 Suits),6,4,0,0,1187.3857408349745,-11.71151934170848,1411.065218845516
996003,leftvoid,28,White (6 Suits),6,5,30,1,1198.219943867838,10.83420303286357,1415.778791611383
996013,leftvoid,29,Muddy Rainbow & Light Pink (5 Suits),5,3,24,0,1194.179955920648,-4.039987947189957,1335.1078621742763
996151,leftvoid,30,Brown & Light Pink (6 Suits),6,3,0,0,1176.104557105867,-18.07539881478124,1479.960275318949
996156,leftvoid,31,Brown & Light Pink (6 Suits),6,3,30,1,1199.5616700287617,23.4571129228948,1467.1568678251454
996163,leftvoid,32,Brown & Omni (5 Suits),5,3,0,0,1189.0266705731024,-10.53499945565909,1483.772322812196
996452,leftvoid,33,Muddy Rainbow (6 Suits),6,3,30,1,1198.4868374113223,9.460166838219948,1321.4620046037387
997217,leftvoid,34,Pink & White (6 Suits),6,4,28,0,1178.2977868132668,-20.18905059805548,1550.0290181345297
997265,leftvoid,35,Pink & White (6 Suits),6,4,30,1,1189.238135488874,10.940348675607083,1533.2048093028166
997590,leftvoid,36,Rainbow & White (6 Suits),6,3,0,0,1170.9565411406843,-18.28159434818963,1337.782510367272
997670,leftvoid,37,Rainbow & White (6 Suits),6,3,30,1,1184.483999750459,13.527458609774383,1320.516560149537
997682,leftvoid,38,6 Suits,6,3,0,0,1162.1098852133264,-22.3741145371323,1184.0679240970364
997691,leftvoid,39,6 Suits,6,3,30,1,1171.118033993004,9.00814877967764,1156.721784107208
994069,masteradept,1,6 Suits,6,3,30,1,1209.5776469751258,9.577646975125845,1200.0
994217,masteradept,2,6 Suits,6,3,28,0,1178.6048102372104,-30.97283673791549,1209.5776469751258
994225,masteradept,3,6 Suits,6,3,30,1,1189.5046183532834,10.899808116073018,1178.6048102372104
994229,masteradept,4,6 Suits,6,3,0,0,1159.7150113949162,-29.78960695836713,1189.5046183532834
994587,masteradept,5,6 Suits,6,3,30,1,1171.526580526899,11.811569131982424,1159.7150113949162
994601,masteradept,6,6 Suits,6,3,30,1,1182.548884248695,11.022303721796334,1171.526580526899
995704,masteradept,7,6 Suits,6,3,25,0,1152.1667434264448,-30.38214082225022,1182.548884248695
994471,miceranked,1,Clue Starved (5 Suits),5,4,25,1,1233.8033032669048,33.80330326690478,1299.3861927030084
994490,miceranked,2,Muddy Rainbow (5 Suits),5,4,25,1,1246.9597931952064,13.156489928301651,1331.0767895157314
994507,miceranked,3,Rainbow (5 Suits),5,5,25,1,1259.8832593654913,12.923466170284884,1331.609615887209
994836,miceranked,4,Rainbow & Muddy Rainbow (6 Suits),6,5,30,1,1285.803134608934,25.919875243442675,1337.6473125362409
994855,miceranked,5,No Variant,5,4,25,1,1292.7164605806602,6.913325971726181,1291.3370731967748
994863,miceranked,6,White (5 Suits),5,3,25,1,1304.4916463158395,11.77518573517932,1280.3238648664212
995101,miceranked,7,Brown (6 Suits),6,3,30,1,1310.6859358089166,6.194289493077122,1493.1982285185657
995181,miceranked,8,Omni (6 Suits),6,4,0,0,1285.01850156793,-25.66743424098672,1392.1661757943232
995246,miceranked,9,Omni (6 Suits),6,3,0,0,1264.0789582093,-20.939543358629862,1301.2762148487282
995330,miceranked,10,Omni (6 Suits),6,3,30,1,1284.746537582975,20.66757937367493,1280.3366714900983
995610,miceranked,11,Clue Starved & Pink (5 Suits),5,3,24,0,1281.8817519644622,-2.8647856185127694,1390.2786291614193
995621,miceranked,12,Clue Starved & Pink (5 Suits),5,3,0,0,1279.0867134777036,-2.7950384867585853,1388.0106738800966
996009,miceranked,13,Brown (5 Suits),5,3,25,1,1285.7493844673957,6.66267098969206,1465.7827241741168
996017,miceranked,14,Pink & Muddy Rainbow (5 Suits),5,3,25,1,1307.6312843788896,21.88189991149397,1471.0573387076229
996020,miceranked,15,Rainbow & Pink (6 Suits),6,4,30,1,1320.1551049001007,12.523820521211064,1532.7799149359096
993867,newdukeL,1,No Variant,5,3,25,1,1209.1976907708522,9.197690770852205,1227.0668050151537
993897,newdukeL,2,Rainbow (6 Suits),6,3,30,1,1221.9745451602817,12.776854389429444,1236.264495786006
993911,newdukeL,3,Pink (5 Suits),5,4,0,0,1200.615536535015,-21.3590086252666,1231.5272260646589
993935,newdukeL,4,Pink (5 Suits),5,4,25,1,1220.6332910492274,20.01775451421236,1217.4900722318416
993941,newdukeL,5,Muddy Rainbow (5 Suits),5,3,25,1,1237.8379611285536,17.204670079326206,1257.46256912098
993949,newdukeL,6,White (5 Suits),5,4,25,1,1249.178547339905,11.340586211351363,1274.4700453225746
993959,newdukeL,7,Brown (5 Suits),5,4,25,1,1264.3325905689276,15.15404322902259,1285.810631533926
993970,newdukeL,8,Omni (5 Suits),5,4,25,1,1284.677271093361,20.344680524433443,1300.9646747629486
993986,newdukeL,9,No Variant,5,4,25,1,1291.5896325578967,6.9123614645357065,1291.1299118738352
994014,newdukeL,10,6 Suits,6,3,30,1,1298.733817738237,7.144185180340173,1279.1781513722074
994037,newdukeL,11,Rainbow (5 Suits),5,3,0,0,1268.552840376067,-30.18097736216987,1286.3223365525475
994044,newdukeL,12,Rainbow (5 Suits),5,3,25,1,1280.2673194469946,11.71447907092761,1256.1413591903777
994057,newdukeL,13,Prism (5 Suits),5,3,25,1,1291.4330892956093,11.165769848614673,1267.8558382613053
994066,newdukeL,14,Light Pink (5 Suits),5,3,25,1,1312.978634473513,21.545545177903705,1279.02160810992
994237,newdukeL,15,White (6 Suits),6,3,0,0,1284.345248570217,-28.633385903295675,1271.6048709885836
994241,newdukeL,16,White (6 Suits),6,3,30,1,1294.365431878531,10.020183308313335,1317.0614156888005
994253,newdukeL,17,No Variant,5,5,25,1,1303.1689464812912,8.803514602760515,1344.3788045457609
994277,newdukeL,18,6 Suits,6,5,30,1,1311.5040542716338,8.33510779034259,1353.1823191485214
994296,newdukeL,19,White (6 Suits),6,4,0,0,1281.1764176388042,-30.32763663282958,1327.6054789800924
994323,newdukeL,20,Omni (6 Suits),6,4,30,1,1300.575095835571,19.39867819676647,1297.2778423472628
994345,newdukeL,21,White (6 Suits),6,4,30,1,1311.272281386316,10.69718555074519,1316.6765205440292
994355,newdukeL,22,Light Pink (5 Suits),5,4,24,0,1289.5989381303218,-21.67334325599404,1327.3737060947742
994358,newdukeL,23,Light Pink (5 Suits),5,4,0,0,1269.5836013225164,-20.0153368078054,1307.05494679228
994363,newdukeL,24,White (5 Suits),5,3,25,1,1282.120998468482,12.537397145965542,1270.8279994943937
994372,newdukeL,25,Brown (6 Suits),6,3,30,1,1292.6454801872378,10.524481718755853,1366.2786042918233
994378,newdukeL,26,Light Pink (5 Suits),5,4,25,1,1309.9274891340435,17.282008946805718,1367.1141033146794
994392,newdukeL,27,Prism (5 Suits),5,5,24,0,1282.2093755654255,-27.71811356861804,1352.3130620378784
994408,newdukeL,28,Clue Starved (5 Suits),5,3,25,1,1315.0695131760613,32.860137610635775,1335.2969905615907
994437,newdukeL,29,Clue Starved (6 Suits),6,3,29,0,1306.2692440940973,-8.800269081963961,1365.4187833713404
994446,newdukeL,30,Clue Starved (6 Suits),6,3,0,0,1297.9395453845011,-8.329698709596187,1357.3518700462066
994449,newdukeL,31,Clue Starved (6 Suits),6,3,0,0,1290.0377475743876,-7.901797810113521,1349.7163128957434
994457,newdukeL,32,Clue Starved (6 Suits),6,3,29,0,1284.4040841419878,-5.633663432399771,1342.472998236473
994507,newdukeL,33,Rainbow (5 Suits),5,5,25,1,1294.0966837697017,9.692599627713662,1331.609615887209
994522,newdukeL,34,Pink (6 Suits),6,3,0,0,1274.9264978668964,-19.170185902805088,1295.040728249115
994533,newdukeL,35,Prism (6 Suits),6,5,0,0,1256.541250129934,-18.38524773696236,1300.3369384987072
994541,newdukeL,36,Prism (6 Suits),6,5,30,1,1269.5137560484904,12.972505918556408,1277.048958031888
994627,newdukeL,37,Null (6 Suits),6,4,0,0,1255.4162951572073,-14.097460891283164,1369.2846395178062
994631,newdukeL,38,Null (6 Suits),6,3,30,1,1274.1581265888567,18.741831431649416,1308.6870618170433
994642,newdukeL,39,Null (6 Suits),6,4,0,0,1258.227335400312,-15.930791188544616,1410.6956257867555
994650,newdukeL,40,Null (6 Suits),6,4,30,1,1273.3527376598315,15.125402259519433,1394.764834598211
994662,newdukeL,41,Rainbow (6 Suits),6,5,30,1,1280.6753820913248,7.322644431493245,1401.5124266422115
994679,newdukeL,42,Null (6 Suits),6,5,30,1,1300.2792487127333,19.603866621408542,1409.3232473691378
994697,newdukeL,43,Omni (5 Suits),5,5,25,1,1314.202693691317,13.92344497858403,1430.2340384319737
994706,newdukeL,44,Rainbow & Pink (5 Suits),5,4,25,1,1333.8576503020274,19.654956610710087,1401.5218928730235
994721,newdukeL,45,Omni (6 Suits),6,5,0,0,1319.5115033917236,-14.346146910303789,1378.251810027701
994828,newdukeL,46,Omni (6 Suits),6,3,30,1,1332.1779855741945,12.666482182470643,1342.342278712011
994833,newdukeL,47,Muddy Rainbow (5 Suits),5,4,25,1,1341.3497366663323,9.171751092138264,1346.387949554767
994836,newdukeL,48,Rainbow & Muddy Rainbow (6 Suits),6,5,30,1,1360.7896430989144,19.439906432581893,1337.6473125362409
994856,newdukeL,49,Rainbow & Null (5 Suits),5,3,25,1,1389.5488157033733,28.75917260445885,1382.577330750014
994993,newdukeL,50,Null & Prism (6 Suits),6,4,0,0,1387.0846100901254,-2.464205613247941,1466.029423430968
994999,newdukeL,51,Null & Prism (6 Suits),6,4,0,0,1384.7200006101623,-2.3646094799630646,1463.154516882179
995006,newdukeL,52,Pink & Muddy Rainbow (5 Suits),5,3,0,0,1373.174400533724,-11.545600076438175,1457.1460706095531
995011,newdukeL,53,Pink & Muddy Rainbow (5 Suits),5,3,0,0,1362.9457508514267,-10.228649682297371,1444.3176260801774
995032,newdukeL,54,Rainbow & Brown (5 Suits),5,4,25,1,1379.9931265540697,17.047375702642967,1368.3971975321922
995049,newdukeL,55,Brown & Prism (5 Suits),5,5,0,0,1372.0698956079266,-7.923230946143121,1393.4714586472442
995088,newdukeL,56,Brown & Prism (5 Suits),5,5,25,1,1393.2240452993046,21.15414969137805,1434.9589923145827
995134,newdukeL,57,Clue Starved & Pink (5 Suits),5,4,0,0,1390.5746149882525,-2.649430311052356,1517.1646533846194
995227,newdukeL,58,Clue Starved & Pink (5 Suits),5,4,0,0,1388.010432957189,-2.5641820310629555,1514.8464018624484
995312,newdukeL,59,Clue Starved & Pink (5 Suits),5,4,0,0,1385.5263571307903,-2.484075826399021,1512.6027425852683
995408,newdukeL,60,Clue Starved & Pink (5 Suits),5,3,25,1,1413.70946292727,28.183105796479595,1467.3522998217547
995519,newdukeL,61,Rainbow & White (5 Suits),5,3,25,1,1429.0913885431974,15.381925615927456,1272.5375193286477
995536,newdukeL,62,White & Prism (6 Suits),6,3,0,0,1416.3011031607248,-12.790285382472575,1291.3376506370034
995553,newdukeL,63,White & Prism (6 Suits),6,3,30,1,1435.0185431227176,18.717439961992795,1275.7050796139813
995584,newdukeL,64,Omni & Muddy Rainbow (5 Suits),5,4,25,1,1462.5693552034122,27.55081208069464,1390.2386589694938
995592,newdukeL,65,Pink & White (5 Suits),5,4,0,0,1450.4290440249458,-12.14031117846639,1422.3812730636378
995596,newdukeL,66,Pink & White (5 Suits),5,4,0,0,1439.7217976239797,-10.707246400966367,1408.2175766887606
995603,newdukeL,67,Pink & White (5 Suits),5,4,25,1,1460.215912360585,20.494114736605525,1395.7257892209664
995614,newdukeL,68,Light Pink & Prism (5 Suits),5,4,25,1,1479.4952765057983,19.27936414521355,1419.6355897470062
995624,newdukeL,69,Pink & Light Pink (5 Suits),5,4,25,1,1502.4118769865322,22.91660048073368,1442.1281812497552
995626,newdukeL,70,Pink & Light Pink (6 Suits),6,4,0,0,1493.3894844524543,-9.02239253407788,1468.8642151439444
995631,newdukeL,71,Pink & Light Pink (6 Suits),6,4,0,0,1485.257699141654,-8.131785310800296,1458.3380905208537
995732,newdukeL,72,Pink & Light Pink (6 Suits),6,3,0,0,1475.8915381605714,-9.366160981082658,1441.562796013768
995738,newdukeL,73,Pink & Brown (5 Suits),5,3,25,1,1493.7211239109054,17.82958575033399,1432.7169773094122
995739,newdukeL,74,Brown & Light Pink (5 Suits),5,3,23,0,1482.530620046831,-11.190503864074344,1452.5276281431168
995749,newdukeL,75,Brown & Light Pink (5 Suits),5,3,25,1,1502.3451567443992,19.8145366975682,1441.9588189381575
995752,newdukeL,76,Rainbow & Muddy Rainbow (6 Suits),6,3,0,0,1479.3878837021232,-22.95727304227603,1460.6725480414163
995760,newdukeL,77,Prism (5 Suits),5,3,0,0,1456.985510421647,-22.40237328047624,1302.7849916398136
995791,newdukeL,78,Pink & Null (5 Suits),5,4,25,1,1483.9937795119947,27.008269090347767,1459.923878877052
995811,newdukeL,79,Clue Starved & Rainbow (5 Suits),5,4,25,1,1503.8979283122635,19.904148800268786,1471.466536152149
995827,newdukeL,80,Clue Starved & Omni (5 Suits),5,4,25,1,1531.852263351197,27.95433503893355,1599.1118597605252
995837,newdukeL,81,Null & Prism (5 Suits),5,3,25,1,1555.0273182959802,23.17505494478314,1597.28590971051
995862,newdukeL,82,Rainbow & Brown (6 Suits),6,3,30,1,1560.4570830257624,5.429764729782164,1612.7359463403652
995905,newdukeL,83,Pink & Prism (5 Suits),5,3,25,1,1574.181030972366,13.72394794660363,1467.2781232219756
995976,newdukeL,84,Pink & Light Pink (6 Suits),6,3,0,0,1561.6266832235308,-12.554347748835198,1504.574638286804
995990,newdukeL,85,Pink & Light Pink (6 Suits),6,3,0,0,1549.9832781529435,-11.643405070587278,1492.7177543017926
995995,newdukeL,86,Pink & Light Pink (6 Suits),6,4,0,0,1541.1996386466622,-8.78363950628136,1411.065218845516
996003,newdukeL,87,White (6 Suits),6,5,30,1,1549.3252909213095,8.125652274647564,1415.778791611383
996013,newdukeL,88,Muddy Rainbow & Light Pink (5 Suits),5,3,24,0,1546.2952999609174,-3.029990960392297,1335.1078621742763
996018,newdukeL,89,White & Prism (5 Suits),5,3,25,1,1560.149603744877,13.854303783959269,1323.3879442355917
996019,newdukeL,90,Brown & Prism (6 Suits),6,3,0,0,1546.2869138191477,-13.862689925729,1340.3209821937642
996025,newdukeL,91,Brown & Prism (6 Suits),6,3,30,1,1563.9437446567051,17.656830837557436,1323.377694506762
996151,newdukeL,92,Brown & Light Pink (6 Suits),6,3,0,0,1550.3871955456193,-13.556549111085817,1479.960275318949
996156,newdukeL,93,Brown & Light Pink (6 Suits),6,3,30,1,1567.9800302377903,17.59283469217121,1467.1568678251454
996163,newdukeL,94,Brown & Omni (5 Suits),5,3,0,0,1557.4450307821314,-10.53499945565909,1483.772322812196
996452,newdukeL,95,Muddy Rainbow (6 Suits),6,3,30,1,1566.9051976203514,9.460166838219948,1321.4620046037387
996609,newdukeL,96,Null & Muddy Rainbow (5 Suits),5,3,25,1,1589.4417754722206,22.5365778518692,1615.189164628939
996621,newdukeL,97,Null & Prism (6 Suits),6,4,0,0,1580.5467081797472,-8.895067292473414,1515.2130765122597
996631,newdukeL,98,Null & Prism (6 Suits),6,4,30,1,1602.4098008058988,21.863092626151683,1507.8005204351985
996645,newdukeL,99,Brown (5 Suits),5,4,25,1,1604.804013370137,2.39421256423816,1531.765678782043
996673,newdukeL,100,Brown & Omni (5 Suits),5,3,0,0,1597.918771798662,-6.885241571475035,1629.261312960656
996724,newdukeL,101,Brown & Omni (5 Suits),5,3,0,0,1585.5950099465465,-12.323761852115467,1622.3760713891809
996746,newdukeL,102,Brown & Omni (5 Suits),5,3,25,1,1604.451166301331,18.856156354784616,1614.1602301544374
996862,newdukeL,103,Null & Light Pink (5 Suits),5,4,25,1,1616.9421563245935,12.490990023262384,1541.0763348227256
996875,newdukeL,104,Null (5 Suits),5,3,25,1,1620.2381160139594,3.2959596893658727,1527.0863194602218
996932,newdukeL,105,Clue Starved (5 Suits),5,4,0,0,1613.9944496154828,-6.243666398476535,1414.6174061418988
996942,newdukeL,106,Clue Starved (5 Suits),5,4,23,0,1608.1093126572066,-5.8851369582762345,1400.5691567453264
996997,newdukeL,107,Clue Starved (5 Suits),5,4,25,1,1617.553618278978,9.444305621771491,1387.3275985892049
997114,newdukeL,108,White & Null (5 Suits),5,3,25,1,1625.3421154969217,7.788497217943586,1638.5526260451852
997122,newdukeL,109,Light Pink (6 Suits),6,4,30,1,1628.6584645631942,3.3163490662725508,1531.6314316731937
997129,newdukeL,110,Pink & Brown (6 Suits),6,5,30,1,1636.4978269870076,7.839362423813327,1563.4096653131649
997152,newdukeL,111,Omni & Light Pink (6 Suits),6,5,0,0,1634.3237399505383,-2.174087036469245,1573.8621485449155
997180,newdukeL,112,Omni & Light Pink (6 Suits),6,4,0,0,1630.4479670591925,-3.875772891345832,1555.9397305949165
997590,newdukeL,113,Rainbow & White (6 Suits),6,3,0,0,1621.3071698850977,-9.140797174094814,1337.782510367272
997670,newdukeL,114,Rainbow & White (6 Suits),6,3,30,1,1628.0708991899849,6.7637293048871925,1320.516560149537
993950,nox,1,Rainbow (6 Suits),6,5,30,1,1218.717738214179,18.717738214179008,1218.397109579762
993975,nox,2,Pink (6 Suits),6,5,30,1,1243.6215269428014,24.90378872862243,1239.3087424330652
994720,nox,3,Clue Starved (6 Suits),6,4,30,1,1278.9143993927385,35.29287244993702,1233.7808273198325
994742,nox,4,Clue Starved (6 Suits),6,5,30,1,1315.7741460180107,36.85974662527224,1290.469232964544
994771,nox,5,Clue Starved (6 Suits),6,3,30,1,1345.605938559764,29.83179254175343,1364.113219932888
995659,nox,6,Brown & Null (6 Suits),6,4,0,0,1343.3085417375396,-2.297396822224528,1452.5939174911346
995667,nox,7,Brown & Null (6 Suits),6,5,0,0,1342.1676037129782,-1.1409380245613647,1478.1631653595546
995699,nox,8,No Variant,5,3,25,1,1347.765037003232,5.597433290253775,1339.8286957746425
995705,nox,9,Prism (5 Suits),5,3,25,1,1356.7246582384082,8.9596212351762,1345.426129064896
995709,nox,10,Pink (5 Suits),5,5,25,1,1372.3101112903703,15.585453051962304,1381.6469742599725
995715,nox,11,Null (5 Suits),5,3,0,0,1343.8619687889131,-28.44814250145737,1486.6811241650305
995181,obiwan_kenobi,1,Omni (6 Suits),6,4,0,0,1174.3325657590133,-25.66743424098672,1392.1661757943232
995246,obiwan_kenobi,2,Omni (6 Suits),6,3,0,0,1153.3930224003834,-20.939543358629862,1301.2762148487282
995330,obiwan_kenobi,3,Omni (6 Suits),6,3,30,1,1174.0606017740583,20.66757937367493,1280.3366714900983
995479,obiwan_kenobi,4,No Variant,5,3,25,1,1184.0604185455527,9.999816771494352,1184.0717428531273
995500,obiwan_kenobi,5,Rainbow (6 Suits),6,3,30,1,1195.521690182578,11.46127163702522,1194.0715596246216
995519,obiwan_kenobi,6,Rainbow & White (5 Suits),5,3,25,1,1216.0309243371478,20.509234154569867,1272.5375193286477
995536,obiwan_kenobi,7,White & Prism (6 Suits),6,3,0,0,1198.977210493851,-17.05371384329669,1291.3376506370034
995553,obiwan_kenobi,8,White & Prism (6 Suits),6,3,30,1,1223.9337971098414,24.95658661599032,1275.7050796139813
995584,obiwan_kenobi,9,Omni & Muddy Rainbow (5 Suits),5,4,25,1,1260.6682132174344,36.734416107593006,1390.2386589694938
995592,obiwan_kenobi,10,Pink & White (5 Suits),5,4,0,0,1244.481131646146,-16.187081571288445,1422.3812730636378
995596,obiwan_kenobi,11,Pink & White (5 Suits),5,4,0,0,1230.204803111524,-14.276328534621824,1408.2175766887606
995603,obiwan_kenobi,12,Pink & White (5 Suits),5,4,25,1,1257.5302894269985,27.32548631547411,1395.7257892209664
995614,obiwan_kenobi,13,Light Pink & Prism (5 Suits),5,4,25,1,1283.236108287283,25.705818860284808,1419.6355897470062
995624,obiwan_kenobi,14,Pink & Light Pink (5 Suits),5,4,25,1,1313.791575594928,30.555467307644903,1442.1281812497552
995626,obiwan_kenobi,15,Pink & Light Pink (6 Suits),6,4,0,0,1301.7617188828242,-12.029856712103763,1468.8642151439444
995631,obiwan_kenobi,16,Pink & Light Pink (6 Suits),6,4,0,0,1290.9193384684238,-10.842380414400395,1458.3380905208537
995976,obiwan_kenobi,17,Pink & Light Pink (6 Suits),6,3,0,0,1274.1802081366434,-16.739130331780416,1504.574638286804
995990,obiwan_kenobi,18,Pink & Light Pink (6 Suits),6,3,0,0,1258.655668042527,-15.524540094116446,1492.7177543017926
995995,obiwan_kenobi,19,Pink & Light Pink (6 Suits),6,4,0,0,1246.9441487008185,-11.71151934170848,1411.065218845516
996003,obiwan_kenobi,20,White (6 Suits),6,5,30,1,1257.778351733682,10.83420303286357,1415.778791611383
996013,obiwan_kenobi,21,Muddy Rainbow & Light Pink (5 Suits),5,3,24,0,1253.738363786492,-4.039987947189957,1335.1078621742763
996018,obiwan_kenobi,22,White & Prism (5 Suits),5,3,25,1,1272.2107688317712,18.47240504527917,1323.3879442355917
996019,obiwan_kenobi,23,Brown & Prism (6 Suits),6,3,0,0,1253.7271822641326,-18.483586567638667,1340.3209821937642
996025,obiwan_kenobi,24,Brown & Prism (6 Suits),6,3,30,1,1277.2696233808758,23.542441116743248,1323.377694506762
996817,obiwan_kenobi,25,Rainbow & Omni (6 Suits),6,4,29,0,1257.022091527715,-20.247531853160808,1574.3300958476489
996829,obiwan_kenobi,26,Rainbow & Omni (6 Suits),6,4,0,0,1238.8602372031123,-18.1618543246027,1560.4099176986006
996842,obiwan_kenobi,27,Rainbow & Omni (6 Suits),6,4,30,1,1262.5734998525668,23.713262649454464,1547.9236428504364
996862,obiwan_kenobi,28,Null & Light Pink (5 Suits),5,4,25,1,1295.8828065812663,33.30930672869977,1541.0763348227256
996875,obiwan_kenobi,29,Null (5 Suits),5,3,25,1,1304.6720324195755,8.789225838308994,1527.0863194602218
996932,obiwan_kenobi,30,Clue Starved (5 Suits),5,4,0,0,1288.0222553569713,-16.649777062604244,1414.6174061418988
996942,obiwan_kenobi,31,Clue Starved (5 Suits),5,4,23,0,1272.328556801568,-15.693698555403216,1400.5691567453264
996997,obiwan_kenobi,32,Clue Starved (5 Suits),5,4,25,1,1291.2171680451113,18.88861124354321,1387.3275985892049
997446,obiwan_kenobi,33,Pink (5 Suits),5,3,22,0,1271.8308585197876,-19.386309525323668,1253.9795088091612
997544,obiwan_kenobi,34,Pink (5 Suits),5,3,24,0,1253.6191605934966,-18.21169792629098,1230.2851305004322
994208,posij119,1,Rainbow & Prism (5 Suits),5,4,22,0,1181.7450257949315,-18.254974205068493,1253.2936763734783
994234,posij119,2,Omni (5 Suits),5,3,25,1,1202.736152052529,20.991126257597443,1278.805439856161
994239,posij119,3,Pink (5 Suits),5,3,0,0,1176.9862345369145,-25.749917515614698,1299.796566113759
994246,posij119,4,Pink (5 Suits),5,3,25,1,1193.1675633267212,16.181328789806912,1274.0466485981435
994630,posij119,5,Light Pink (5 Suits),5,4,25,1,1215.0707929199443,21.90322959322316,1274.2400728606754
994639,posij119,6,Light Pink (5 Suits),5,5,25,1,1242.7825991236343,27.711806203690003,1280.6581896059545
994648,posij119,7,Light Pink (5 Suits),5,3,25,1,1261.0482951836707,18.26569606003636,1316.7679195091132
994874,posij119,8,Brown (6 Suits),6,5,30,1,1275.264948318151,14.21665313448034,1403.039434527343
994957,posij119,9,Pink & Muddy Rainbow (5 Suits),5,5,25,1,1307.074803997705,31.809855679553948,1471.567823203001
994972,posij119,10,White & Muddy Rainbow (5 Suits),5,4,25,1,1323.4873689267547,16.412564929049722,1481.6000801989555
994985,posij119,11,Brown & Prism (5 Suits),5,3,24,0,1302.2175633750971,-21.269805551657555,1482.1278153642554
995049,posij119,12,Brown & Prism (5 Suits),5,5,0,0,1291.6532554469063,-10.564307928190829,1393.4714586472442
995625,purplejoealt,1,No Variant,5,3,25,1,1206.1800978694946,6.1800978694946025,1359.4356972521782
995628,purplejoealt,2,Brown (5 Suits),5,3,0,0,1177.2784236625848,-28.90167420690977,1364.3282747321946
995635,purplejoealt,3,Brown (5 Suits),5,3,0,0,1150.6969129572003,-26.58151070538429,1329.3571077814422
995645,purplejoealt,4,Brown (5 Suits),5,3,25,1,1165.7139607567328,15.017047799532293,1308.3134118063465
996645,purplejoealt,5,Brown (5 Suits),5,4,25,1,1172.0985275947014,6.384566837968578,1531.765678782043
996665,purplejoealt,6,Rainbow & Brown (5 Suits),5,3,23,0,1151.393213313284,-20.70531428141749,1356.9176033979734
996695,purplejoealt,7,Rainbow & Brown (5 Suits),5,3,0,0,1132.5310400226151,-18.86217329066858,1340.5258962585178
994720,rkassrated,1,Clue Starved (6 Suits),6,4,30,1,1235.292872449937,35.29287244993702,1233.7808273198325
994742,rkassrated,2,Clue Starved (6 Suits),6,5,30,1,1272.1526190752093,36.85974662527224,1290.469232964544
994833,shinymew,1,Muddy Rainbow (5 Suits),5,4,25,1,1212.2290014561845,12.229001456184506,1346.387949554767
994836,shinymew,2,Rainbow & Muddy Rainbow (6 Suits),6,5,30,1,1238.1488766996272,25.919875243442675,1337.6473125362409
994856,shinymew,3,Rainbow & Null (5 Suits),5,3,25,1,1276.494440172239,38.34556347261173,1382.577330750014
995709,shinymew,4,Pink (5 Suits),5,5,25,1,1292.0798932242012,15.585453051962304,1381.6469742599725
995699,sin_harmonic,1,No Variant,5,3,25,1,1205.5974332902538,5.597433290253775,1339.8286957746425
995705,sin_harmonic,2,Prism (5 Suits),5,3,25,1,1214.55705452543,8.9596212351762,1345.426129064896
995709,sin_harmonic,3,Pink (5 Suits),5,5,25,1,1230.1425075773925,15.585453051962304,1381.6469742599725
993816,str8forward,1,No Variant,5,4,25,1,1210.2179204754,10.217920475399978,1200.0
993826,str8forward,2,6 Suits,6,4,30,1,1219.727063849018,9.509143373618144,1207.6634403565502
993835,str8forward,3,Prism (5 Suits),5,4,25,1,1233.7575875091684,14.030523660150266,1217.172583730168
993867,str8forward,4,No Variant,5,3,25,1,1242.9552782800206,9.197690770852205,1227.0668050151537
993897,str8forward,5,Rainbow (6 Suits),6,3,30,1,1255.73213266945,12.776854389429444,1236.264495786006
993911,str8forward,6,Pink (5 Suits),5,4,0,0,1234.3731240441834,-21.3590086252666,1231.5272260646589
994191,str8forward,7,Prism (5 Suits),5,3,25,1,1244.674280708765,10.30115666458164,1280.4030493084408
994194,str8forward,8,Brown (6 Suits),6,4,30,1,1258.3698587487434,13.695578039978272,1308.1335199822183
994198,str8forward,9,Rainbow (5 Suits),5,4,25,1,1268.3458265145375,9.975967765794394,1294.3003517893187
994227,str8forward,10,Rainbow (6 Suits),6,4,30,1,1278.5895433387898,10.243716824252031,1287.5271767375807
994234,str8forward,11,Omni (5 Suits),5,3,25,1,1299.5806695963872,20.991126257597443,1278.805439856161
994239,str8forward,12,Pink (5 Suits),5,3,0,0,1273.8307520807723,-25.749917515614698,1299.796566113759
994246,str8forward,13,Pink (5 Suits),5,3,25,1,1290.0120808705794,16.181328789806912,1274.0466485981435
994253,str8forward,14,No Variant,5,5,25,1,1298.81559547334,8.803514602760515,1344.3788045457609
994277,str8forward,15,6 Suits,6,5,30,1,1307.1507032636823,8.33510779034259,1353.1823191485214
994291,str8forward,16,Pink (6 Suits),6,4,30,1,1317.9761702395035,10.8254669758212,1374.0207701056718
994550,str8forward,17,Null (5 Suits),5,3,23,0,1300.1204539231862,-17.855716316317512,1368.546716780793
994630,str8forward,18,Light Pink (5 Suits),5,4,25,1,1322.0236835164094,21.90322959322316,1274.2400728606754
994639,str8forward,19,Light Pink (5 Suits),5,5,25,1,1349.7354897200994,27.711806203690003,1280.6581896059545
994648,str8forward,20,Light Pink (5 Suits),5,3,25,1,1368.0011857801358,18.26569606003636,1316.7679195091132
994662,str8forward,21,Rainbow (6 Suits),6,5,30,1,1377.7647116887936,9.763525908657812,1401.5124266422115
994679,str8forward,22,Null (6 Suits),6,5,30,1,1403.9032005173383,26.138488828544723,1409.3232473691378
994697,str8forward,23,Omni (5 Suits),5,5,25,1,1422.467793822117,18.564593304778786,1430.2340384319737
994867,str8forward,24,No Variant,5,3,25,1,1428.5023190099178,6.034525187800682,1324.8325986322857
994874,str8forward,25,Brown (6 Suits),6,5,30,1,1442.718972144398,14.21665313448034,1403.039434527343
994878,str8forward,26,Rainbow & Pink (5 Suits),5,3,0,0,1423.129927896372,-19.589044248026084,1467.738429149413
994883,str8forward,27,Rainbow & Pink (5 Suits),5,3,25,1,1446.071548399641,22.94162050326895,1449.7818052553891
994890,str8forward,28,Clue Starved (5 Suits),5,4,25,1,1470.2221939657306,24.15064556608968,1463.794444265206
994911,str8forward,29,Null & Light Pink (5 Suits),5,4,25,1,1509.152652706674,38.93045874094332,1486.4356744834154
994920,str8forward,30,Brown & Null (5 Suits),5,5,23,0,1508.0798449888448,-1.0728077178291642,1494.1238380275672
994930,str8forward,31,Brown & Null (5 Suits),5,5,25,1,1547.0212233318869,38.94137834304206,1493.1851312744668
994957,str8forward,32,Pink & Muddy Rainbow (5 Suits),5,5,25,1,1570.8786150915523,23.85739175966546,1471.567823203001
994972,str8forward,33,White & Muddy Rainbow (5 Suits),5,4,25,1,1583.1880387883396,12.309423696787237,1481.6000801989555
995101,str8forward,34,Brown (6 Suits),6,3,30,1,1587.8337559081474,4.645717119807841,1493.1982285185657
995181,str8forward,35,Omni (6 Suits),6,4,0,0,1568.5831802274074,-19.250575680739985,1392.1661757943232
995709,str8forward,36,Pink (5 Suits),5,5,25,1,1580.272270016379,11.689089788971614,1381.6469742599725
995715,str8forward,37,Null (5 Suits),5,3,0,0,1558.936163140286,-21.336106876093027,1486.6811241650305
995735,str8forward,38,Omni & Null (5 Suits),5,5,24,0,1558.1090470633735,-0.8271160769122616,1556.75171651637
995744,str8forward,39,Omni & Null (5 Suits),5,4,25,1,1586.110158566353,28.001111502979256,1555.7372801362249
995753,str8forward,40,Omni & Prism (5 Suits),5,3,25,1,1606.02136702177,19.91120845541696,1555.0482903220247
995761,str8forward,41,Omni & Prism (5 Suits),5,3,0,0,1600.154527824258,-5.866839197512036,1573.8533205299184
996609,str8forward,42,Null & Muddy Rainbow (5 Suits),5,3,25,1,1611.4228167501926,11.268288925934712,1615.189164628939
996621,str8forward,43,Null & Prism (6 Suits),6,4,0,0,1606.975283103956,-4.447533646236707,1515.2130765122597
996631,str8forward,44,Null & Prism (6 Suits),6,4,30,1,1617.9068294170318,10.931546313075842,1507.8005204351985
996673,str8forward,45,Brown & Omni (5 Suits),5,3,0,0,1611.0215878455567,-6.885241571475035,1629.261312960656
996724,str8forward,46,Brown & Omni (5 Suits),5,3,0,0,1604.859706919499,-6.16188092605762,1622.3760713891809
996746,str8forward,47,Brown & Omni (5 Suits),5,3,25,1,1614.2877850968914,9.428078177392308,1614.1602301544374
997114,str8forward,48,White & Null (5 Suits),5,3,25,1,1622.076282314835,7.788497217943586,1638.5526260451852
997122,str8forward,49,Light Pink (6 Suits),6,4,30,1,1625.3926313811075,3.3163490662725508,1531.6314316731937
997129,str8forward,50,Pink & Brown (6 Suits),6,5,30,1,1633.2319938049209,7.839362423813327,1563.4096653131649
997152,str8forward,51,Omni & Light Pink (6 Suits),6,5,0,0,1631.0579067684516,-2.174087036469245,1573.8621485449155
997217,str8forward,52,Pink & White (6 Suits),6,4,28,0,1620.963381469424,-10.094525299027737,1550.0290181345297
997265,str8forward,53,Pink & White (6 Suits),6,4,30,1,1626.4335558072275,5.470174337803655,1533.2048093028166
997332,str8forward,54,Clue Starved & Light Pink (5 Suits),5,4,25,1,1639.8250943331032,13.391538525875603,1666.9106992378274
994069,vermling,1,6 Suits,6,3,30,1,1209.5776469751258,9.577646975125845,1200.0
994217,vermling,2,6 Suits,6,3,28,0,1178.6048102372104,-30.97283673791549,1209.5776469751258
994225,vermling,3,6 Suits,6,3,30,1,1189.5046183532834,10.899808116073018,1178.6048102372104
994229,vermling,4,6 Suits,6,3,0,0,1159.7150113949162,-29.78960695836713,1189.5046183532834
994587,vermling,5,6 Suits,6,3,30,1,1171.526580526899,11.811569131982424,1159.7150113949162
994601,vermling,6,6 Suits,6,3,30,1,1182.548884248695,11.022303721796334,1171.526580526899
995704,vermling,7,6 Suits,6,3,25,0,1152.1667434264448,-30.38214082225022,1182.548884248695
